Country Name,Country Code,Series Name,Series Code,2018 [YR2018]
Afghanistan,AFG,Control of Corruption: Estimate,CC.EST,-1.496834
Afghanistan,AFG,Government Effectiveness: Estimate,GE.EST,-1.457285
Afghanistan,AFG,Political Stability and Absence of Violence/Terrorism: Estimate,PV.EST,-2.751611
Afghanistan,AFG,Regulatory Quality: Estimate,RQ.EST,-1.130191
Afghanistan,AFG,Rule of Law: Estimate,RL.EST,-1.668021
Afghanistan,AFG,Voice and Accountability: Estimate,VA.EST,-0.9929534
Albania,ALB,Control of Corruption: Estimate,CC.EST,-0.5219214
Albania,ALB,Government Effectiveness: Estimate,GE.EST,0.114788
Albania,ALB,Political Stability and Absence of Violence/Terrorism: Estimate,PV.EST,0.3783375
Albania,ALB,Regulatory Quality: Estimate,RQ.EST,0.2684412
Albania,ALB,Rule of Law: Estimate,RL.EST,-0.3923339
Albania,ALB,Voice and Accountability: Estimate,VA.EST,0.2076107
Algeria,DZA,Control of Corruption: Estimate,CC.EST,-0.6301624
Algeria,DZA,Government Effectiveness: Estimate,GE.EST,-0.4439246
Algeria,DZA,Political Stability and Absence of Violence/Terrorism: Estimate,PV.EST,-0.8265918
Algeria,DZA,Regulatory Quality: Estimate,RQ.EST,-1.26254
Algeria,DZA,Rule of Law: Estimate,RL.EST,-0.7752355
Algeria,DZA,Voice and Accountability: Estimate,VA.EST,-0.9816775
American Samoa,ASM,Control of Corruption: Estimate,CC.EST,1.845798
American Samoa,ASM,Government Effectiveness: Estimate,GE.EST,0.5514148
American Samoa,ASM,Political Stability and Absence of Violence/Terrorism: Estimate,PV.EST,1.202961
American Samoa,ASM,Regulatory Quality: Estimate,RQ.EST,-0.2859632
American Samoa,ASM,Rule of Law: Estimate,RL.EST,1.363119
American Samoa,ASM,Voice and Accountability: Estimate,VA.EST,..
Andorra,AND,Control of Corruption: Estimate,CC.EST,1.238797
Andorra,AND,Government Effectiveness: Estimate,GE.EST,1.944976
Andorra,AND,Political Stability and Absence of Violence/Terrorism: Estimate,PV.EST,1.423969
Andorra,AND,Regulatory Quality: Estimate,RQ.EST,1.193829
Andorra,AND,Rule of Law: Estimate,RL.EST,1.606789
Andorra,AND,Voice and Accountability: Estimate,VA.EST,1.069697
Angola,AGO,Control of Corruption: Estimate,CC.EST,-1.144679
Angola,AGO,Government Effectiveness: Estimate,GE.EST,-1.052086
Angola,AGO,Political Stability and Absence of Violence/Terrorism: Estimate,PV.EST,-0.3166307
Angola,AGO,Regulatory Quality: Estimate,RQ.EST,-0.8750386
Angola,AGO,Rule of Law: Estimate,RL.EST,-1.047832
Angola,AGO,Voice and Accountability: Estimate,VA.EST,-0.9183374
Anguilla,AIA,Control of Corruption: Estimate,CC.EST,1.238797
Anguilla,AIA,Government Effectiveness: Estimate,GE.EST,0.8301269
Anguilla,AIA,Political Stability and Absence of Violence/Terrorism: Estimate,PV.EST,1.293931
Anguilla,AIA,Regulatory Quality: Estimate,RQ.EST,0.8238806
Anguilla,AIA,Rule of Law: Estimate,RL.EST,-0.0989005
Anguilla,AIA,Voice and Accountability: Estimate,VA.EST,..
Antigua and Barbuda,ATG,Control of Corruption: Estimate,CC.EST,0.2766874
Antigua and Barbuda,ATG,Government Effectiveness: Estimate,GE.EST,-0.0060096
Antigua and Barbuda,ATG,Political Stability and Absence of Violence/Terrorism: Estimate,PV.EST,0.8480138
Antigua and Barbuda,ATG,Regulatory Quality: Estimate,RQ.EST,0.4142161
Antigua and Barbuda,ATG,Rule of Law: Estimate,RL.EST,0.4148062
Antigua and Barbuda,ATG,Voice and Accountability: Estimate,VA.EST,0.5996279
Argentina,ARG,Control of Corruption: Estimate,CC.EST,-0.0702693
Argentina,ARG,Government Effectiveness: Estimate,GE.EST,0.0259878
Argentina,ARG,Political Stability and Absence of Violence/Terrorism: Estimate,PV.EST,0.0192217
Argentina,ARG,Regulatory Quality: Estimate,RQ.EST,-0.2856962
Argentina,ARG,Rule of Law: Estimate,RL.EST,-0.2428666
Argentina,ARG,Voice and Accountability: Estimate,VA.EST,0.5616491
Armenia,ARM,Control of Corruption: Estimate,CC.EST,-0.3491441
Armenia,ARM,Government Effectiveness: Estimate,GE.EST,-0.0243394
Armenia,ARM,Political Stability and Absence of Violence/Terrorism: Estimate,PV.EST,-0.4359334
Armenia,ARM,Regulatory Quality: Estimate,RQ.EST,0.3313852
Armenia,ARM,Rule of Law: Estimate,RL.EST,-0.150221
Armenia,ARM,Voice and Accountability: Estimate,VA.EST,-0.1132657
Aruba,ABW,Control of Corruption: Estimate,CC.EST,1.252211
Aruba,ABW,Government Effectiveness: Estimate,GE.EST,1.058392
Aruba,ABW,Political Stability and Absence of Violence/Terrorism: Estimate,PV.EST,1.362981
Aruba,ABW,Regulatory Quality: Estimate,RQ.EST,0.8566312
Aruba,ABW,Rule of Law: Estimate,RL.EST,1.296759
Aruba,ABW,Voice and Accountability: Estimate,VA.EST,1.306017
Australia,AUS,Control of Corruption: Estimate,CC.EST,1.80646
Australia,AUS,Government Effectiveness: Estimate,GE.EST,1.596495
Australia,AUS,Political Stability and Absence of Violence/Terrorism: Estimate,PV.EST,1.002703
Australia,AUS,Regulatory Quality: Estimate,RQ.EST,1.903537
Australia,AUS,Rule of Law: Estimate,RL.EST,1.714284
Australia,AUS,Voice and Accountability: Estimate,VA.EST,1.428863
Austria,AUT,Control of Corruption: Estimate,CC.EST,1.596492
Austria,AUT,Government Effectiveness: Estimate,GE.EST,1.453342
Austria,AUT,Political Stability and Absence of Violence/Terrorism: Estimate,PV.EST,0.909404
Austria,AUT,Regulatory Quality: Estimate,RQ.EST,1.532049
Austria,AUT,Rule of Law: Estimate,RL.EST,1.87477
Austria,AUT,Voice and Accountability: Estimate,VA.EST,1.380758
Azerbaijan,AZE,Control of Corruption: Estimate,CC.EST,-0.8286991
Azerbaijan,AZE,Government Effectiveness: Estimate,GE.EST,-0.1004674
Azerbaijan,AZE,Political Stability and Absence of Violence/Terrorism: Estimate,PV.EST,-0.6974149
Azerbaijan,AZE,Regulatory Quality: Estimate,RQ.EST,-0.3006527
Azerbaijan,AZE,Rule of Law: Estimate,RL.EST,-0.6002193
Azerbaijan,AZE,Voice and Accountability: Estimate,VA.EST,-1.496132
"Bahamas, The",BHS,Control of Corruption: Estimate,CC.EST,1.13127
"Bahamas, The",BHS,Government Effectiveness: Estimate,GE.EST,0.5391499
"Bahamas, The",BHS,Political Stability and Absence of Violence/Terrorism: Estimate,PV.EST,0.8700209
"Bahamas, The",BHS,Regulatory Quality: Estimate,RQ.EST,0.1804527
"Bahamas, The",BHS,Rule of Law: Estimate,RL.EST,0.096694
"Bahamas, The",BHS,Voice and Accountability: Estimate,VA.EST,0.7957626
Bahrain,BHR,Control of Corruption: Estimate,CC.EST,-0.147291
Bahrain,BHR,Government Effectiveness: Estimate,GE.EST,0.1798774
Bahrain,BHR,Political Stability and Absence of Violence/Terrorism: Estimate,PV.EST,-0.8409045
Bahrain,BHR,Regulatory Quality: Estimate,RQ.EST,0.4169226
Bahrain,BHR,Rule of Law: Estimate,RL.EST,0.4122726
Bahrain,BHR,Voice and Accountability: Estimate,VA.EST,-1.405623
Bangladesh,BGD,Control of Corruption: Estimate,CC.EST,-0.9051279
Bangladesh,BGD,Government Effectiveness: Estimate,GE.EST,-0.7483993
Bangladesh,BGD,Political Stability and Absence of Violence/Terrorism: Estimate,PV.EST,-0.985925
Bangladesh,BGD,Regulatory Quality: Estimate,RQ.EST,-0.8328668
Bangladesh,BGD,Rule of Law: Estimate,RL.EST,-0.6402208
Bangladesh,BGD,Voice and Accountability: Estimate,VA.EST,-0.7268606
Barbados,BRB,Control of Corruption: Estimate,CC.EST,1.411579
Barbados,BRB,Government Effectiveness: Estimate,GE.EST,0.4269727
Barbados,BRB,Political Stability and Absence of Violence/Terrorism: Estimate,PV.EST,0.9204867
Barbados,BRB,Regulatory Quality: Estimate,RQ.EST,0.5439218
Barbados,BRB,Rule of Law: Estimate,RL.EST,0.3944808
Barbados,BRB,Voice and Accountability: Estimate,VA.EST,1.124694
Belarus,BLR,Control of Corruption: Estimate,CC.EST,-0.1922859
Belarus,BLR,Government Effectiveness: Estimate,GE.EST,-0.3010303
Belarus,BLR,Political Stability and Absence of Violence/Terrorism: Estimate,PV.EST,0.3559107
Belarus,BLR,Regulatory Quality: Estimate,RQ.EST,-0.6518698
Belarus,BLR,Rule of Law: Estimate,RL.EST,-0.8328676
Belarus,BLR,Voice and Accountability: Estimate,VA.EST,-1.350488
Belgium,BEL,Control of Corruption: Estimate,CC.EST,1.510498
Belgium,BEL,Government Effectiveness: Estimate,GE.EST,1.171748
Belgium,BEL,Political Stability and Absence of Violence/Terrorism: Estimate,PV.EST,0.410127
Belgium,BEL,Regulatory Quality: Estimate,RQ.EST,1.268755
Belgium,BEL,Rule of Law: Estimate,RL.EST,1.367054
Belgium,BEL,Voice and Accountability: Estimate,VA.EST,1.397339
Belize,BLZ,Control of Corruption: Estimate,CC.EST,-0.1381951
Belize,BLZ,Government Effectiveness: Estimate,GE.EST,-0.5938884
Belize,BLZ,Political Stability and Absence of Violence/Terrorism: Estimate,PV.EST,0.0115209
Belize,BLZ,Regulatory Quality: Estimate,RQ.EST,-0.6501819
Belize,BLZ,Rule of Law: Estimate,RL.EST,-0.8238596
Belize,BLZ,Voice and Accountability: Estimate,VA.EST,0.4509058
Benin,BEN,Control of Corruption: Estimate,CC.EST,-0.3859641
Benin,BEN,Government Effectiveness: Estimate,GE.EST,-0.5659866
Benin,BEN,Political Stability and Absence of Violence/Terrorism: Estimate,PV.EST,-0.1326304
Benin,BEN,Regulatory Quality: Estimate,RQ.EST,-0.3369086
Benin,BEN,Rule of Law: Estimate,RL.EST,-0.6751398
Benin,BEN,Voice and Accountability: Estimate,VA.EST,0.2675807
Bermuda,BMU,Control of Corruption: Estimate,CC.EST,1.238797
Bermuda,BMU,Government Effectiveness: Estimate,GE.EST,1.387551
Bermuda,BMU,Political Stability and Absence of Violence/Terrorism: Estimate,PV.EST,1.159191
Bermuda,BMU,Regulatory Quality: Estimate,RQ.EST,0.8238806
Bermuda,BMU,Rule of Law: Estimate,RL.EST,0.8757794
Bermuda,BMU,Voice and Accountability: Estimate,VA.EST,..
Bhutan,BTN,Control of Corruption: Estimate,CC.EST,1.646751
Bhutan,BTN,Government Effectiveness: Estimate,GE.EST,0.3588973
Bhutan,BTN,Political Stability and Absence of Violence/Terrorism: Estimate,PV.EST,1.100705
Bhutan,BTN,Regulatory Quality: Estimate,RQ.EST,-0.3399765
Bhutan,BTN,Rule of Law: Estimate,RL.EST,0.5515965
Bhutan,BTN,Voice and Accountability: Estimate,VA.EST,0.0607209
Bolivia,BOL,Control of Corruption: Estimate,CC.EST,-0.6219789
Bolivia,BOL,Government Effectiveness: Estimate,GE.EST,-0.3220994
Bolivia,BOL,Political Stability and Absence of Violence/Terrorism: Estimate,PV.EST,-0.2783669
Bolivia,BOL,Regulatory Quality: Estimate,RQ.EST,-0.9080035
Bolivia,BOL,Rule of Law: Estimate,RL.EST,-1.147712
Bolivia,BOL,Voice and Accountability: Estimate,VA.EST,-0.0396441
Bosnia and Herzegovina,BIH,Control of Corruption: Estimate,CC.EST,-0.5718637
Bosnia and Herzegovina,BIH,Government Effectiveness: Estimate,GE.EST,-0.6185398
Bosnia and Herzegovina,BIH,Political Stability and Absence of Violence/Terrorism: Estimate,PV.EST,-0.3866947
Bosnia and Herzegovina,BIH,Regulatory Quality: Estimate,RQ.EST,-0.2110692
Bosnia and Herzegovina,BIH,Rule of Law: Estimate,RL.EST,-0.2333702
Bosnia and Herzegovina,BIH,Voice and Accountability: Estimate,VA.EST,-0.2421817
Botswana,BWA,Control of Corruption: Estimate,CC.EST,0.7486417
Botswana,BWA,Government Effectiveness: Estimate,GE.EST,0.3334411
Botswana,BWA,Political Stability and Absence of Violence/Terrorism: Estimate,PV.EST,0.9779608
Botswana,BWA,Regulatory Quality: Estimate,RQ.EST,0.453949
Botswana,BWA,Rule of Law: Estimate,RL.EST,0.4660194
Botswana,BWA,Voice and Accountability: Estimate,VA.EST,0.4762686
Brazil,BRA,Control of Corruption: Estimate,CC.EST,-0.3999677
Brazil,BRA,Government Effectiveness: Estimate,GE.EST,-0.4474374
Brazil,BRA,Political Stability and Absence of Violence/Terrorism: Estimate,PV.EST,-0.3863459
Brazil,BRA,Regulatory Quality: Estimate,RQ.EST,-0.3239611
Brazil,BRA,Rule of Law: Estimate,RL.EST,-0.2537811
Brazil,BRA,Voice and Accountability: Estimate,VA.EST,0.3979256
Brunei Darussalam,BRN,Control of Corruption: Estimate,CC.EST,0.7954304
Brunei Darussalam,BRN,Government Effectiveness: Estimate,GE.EST,1.252714
Brunei Darussalam,BRN,Political Stability and Absence of Violence/Terrorism: Estimate,PV.EST,1.24795
Brunei Darussalam,BRN,Regulatory Quality: Estimate,RQ.EST,0.6868164
Brunei Darussalam,BRN,Rule of Law: Estimate,RL.EST,0.628721
Brunei Darussalam,BRN,Voice and Accountability: Estimate,VA.EST,-0.8430148
Bulgaria,BGR,Control of Corruption: Estimate,CC.EST,-0.1515384
Bulgaria,BGR,Government Effectiveness: Estimate,GE.EST,0.2718757
Bulgaria,BGR,Political Stability and Absence of Violence/Terrorism: Estimate,PV.EST,0.4639785
Bulgaria,BGR,Regulatory Quality: Estimate,RQ.EST,0.5897425
Bulgaria,BGR,Rule of Law: Estimate,RL.EST,-0.0298135
Bulgaria,BGR,Voice and Accountability: Estimate,VA.EST,0.3246194
Burkina Faso,BFA,Control of Corruption: Estimate,CC.EST,-0.1129444
Burkina Faso,BFA,Government Effectiveness: Estimate,GE.EST,-0.5783429
Burkina Faso,BFA,Political Stability and Absence of Violence/Terrorism: Estimate,PV.EST,-1.049443
Burkina Faso,BFA,Regulatory Quality: Estimate,RQ.EST,-0.3715874
Burkina Faso,BFA,Rule of Law: Estimate,RL.EST,-0.4456363
Burkina Faso,BFA,Voice and Accountability: Estimate,VA.EST,-0.04313
Burundi,BDI,Control of Corruption: Estimate,CC.EST,-1.450813
Burundi,BDI,Government Effectiveness: Estimate,GE.EST,-1.419982
Burundi,BDI,Political Stability and Absence of Violence/Terrorism: Estimate,PV.EST,-1.561205
Burundi,BDI,Regulatory Quality: Estimate,RQ.EST,-0.9778942
Burundi,BDI,Rule of Law: Estimate,RL.EST,-1.496228
Burundi,BDI,Voice and Accountability: Estimate,VA.EST,-1.658291
Cabo Verde,CPV,Control of Corruption: Estimate,CC.EST,0.7674509
Cabo Verde,CPV,Government Effectiveness: Estimate,GE.EST,0.3192393
Cabo Verde,CPV,Political Stability and Absence of Violence/Terrorism: Estimate,PV.EST,0.852973
Cabo Verde,CPV,Regulatory Quality: Estimate,RQ.EST,-0.23943
Cabo Verde,CPV,Rule of Law: Estimate,RL.EST,0.4450065
Cabo Verde,CPV,Voice and Accountability: Estimate,VA.EST,0.9984295
Cambodia,KHM,Control of Corruption: Estimate,CC.EST,-1.325735
Cambodia,KHM,Government Effectiveness: Estimate,GE.EST,-0.568605
Cambodia,KHM,Political Stability and Absence of Violence/Terrorism: Estimate,PV.EST,0.1112419
Cambodia,KHM,Regulatory Quality: Estimate,RQ.EST,-0.4992177
Cambodia,KHM,Rule of Law: Estimate,RL.EST,-1.114451
Cambodia,KHM,Voice and Accountability: Estimate,VA.EST,-1.219561
Cameroon,CMR,Control of Corruption: Estimate,CC.EST,-1.151188
Cameroon,CMR,Government Effectiveness: Estimate,GE.EST,-0.7996525
Cameroon,CMR,Political Stability and Absence of Violence/Terrorism: Estimate,PV.EST,-1.393837
Cameroon,CMR,Regulatory Quality: Estimate,RQ.EST,-0.7983038
Cameroon,CMR,Rule of Law: Estimate,RL.EST,-1.079458
Cameroon,CMR,Voice and Accountability: Estimate,VA.EST,-1.115054
Canada,CAN,Control of Corruption: Estimate,CC.EST,1.828014
Canada,CAN,Government Effectiveness: Estimate,GE.EST,1.716108
Canada,CAN,Political Stability and Absence of Violence/Terrorism: Estimate,PV.EST,0.9860873
Canada,CAN,Regulatory Quality: Estimate,RQ.EST,1.706835
Canada,CAN,Rule of Law: Estimate,RL.EST,1.755445
Canada,CAN,Voice and Accountability: Estimate,VA.EST,1.526058
Cayman Islands,CYM,Control of Corruption: Estimate,CC.EST,0.496426
Cayman Islands,CYM,Government Effectiveness: Estimate,GE.EST,1.204366
Cayman Islands,CYM,Political Stability and Absence of Violence/Terrorism: Estimate,PV.EST,1.14567
Cayman Islands,CYM,Regulatory Quality: Estimate,RQ.EST,0.9764076
Cayman Islands,CYM,Rule of Law: Estimate,RL.EST,0.7738547
Cayman Islands,CYM,Voice and Accountability: Estimate,VA.EST,0.4921223
Central African Republic,CAF,Control of Corruption: Estimate,CC.EST,-1.233546
Central African Republic,CAF,Government Effectiveness: Estimate,GE.EST,-1.720417
Central African Republic,CAF,Political Stability and Absence of Violence/Terrorism: Estimate,PV.EST,-2.171953
Central African Republic,CAF,Regulatory Quality: Estimate,RQ.EST,-1.367176
Central African Republic,CAF,Rule of Law: Estimate,RL.EST,-1.687227
Central African Republic,CAF,Voice and Accountability: Estimate,VA.EST,-1.191068
Chad,TCD,Control of Corruption: Estimate,CC.EST,-1.410568
Chad,TCD,Government Effectiveness: Estimate,GE.EST,-1.528847
Chad,TCD,Political Stability and Absence of Violence/Terrorism: Estimate,PV.EST,-1.47283
Chad,TCD,Regulatory Quality: Estimate,RQ.EST,-1.110758
Chad,TCD,Rule of Law: Estimate,RL.EST,-1.304976
Chad,TCD,Voice and Accountability: Estimate,VA.EST,-1.452716
Chile,CHL,Control of Corruption: Estimate,CC.EST,1.046754
Chile,CHL,Government Effectiveness: Estimate,GE.EST,1.084034
Chile,CHL,Political Stability and Absence of Violence/Terrorism: Estimate,PV.EST,0.4351017
Chile,CHL,Regulatory Quality: Estimate,RQ.EST,1.33739
Chile,CHL,Rule of Law: Estimate,RL.EST,1.089803
Chile,CHL,Voice and Accountability: Estimate,VA.EST,1.056807
China,CHN,Control of Corruption: Estimate,CC.EST,-0.2712651
China,CHN,Government Effectiveness: Estimate,GE.EST,0.4771284
China,CHN,Political Stability and Absence of Violence/Terrorism: Estimate,PV.EST,-0.2912534
China,CHN,Regulatory Quality: Estimate,RQ.EST,-0.1852444
China,CHN,Rule of Law: Estimate,RL.EST,-0.2017475
China,CHN,Voice and Accountability: Estimate,VA.EST,-1.447654
Colombia,COL,Control of Corruption: Estimate,CC.EST,-0.2874098
Colombia,COL,Government Effectiveness: Estimate,GE.EST,-0.0852262
Colombia,COL,Political Stability and Absence of Violence/Terrorism: Estimate,PV.EST,-0.7874593
Colombia,COL,Regulatory Quality: Estimate,RQ.EST,0.3173888
Colombia,COL,Rule of Law: Estimate,RL.EST,-0.4063349
Colombia,COL,Voice and Accountability: Estimate,VA.EST,0.1903
Comoros,COM,Control of Corruption: Estimate,CC.EST,-0.8165069
Comoros,COM,Government Effectiveness: Estimate,GE.EST,-1.639134
Comoros,COM,Political Stability and Absence of Violence/Terrorism: Estimate,PV.EST,-0.3374451
Comoros,COM,Regulatory Quality: Estimate,RQ.EST,-1.11087
Comoros,COM,Rule of Law: Estimate,RL.EST,-1.080873
Comoros,COM,Voice and Accountability: Estimate,VA.EST,-0.478406
"Congo, Dem. Rep.",COD,Control of Corruption: Estimate,CC.EST,-1.503585
"Congo, Dem. Rep.",COD,Government Effectiveness: Estimate,GE.EST,-1.554787
"Congo, Dem. Rep.",COD,Political Stability and Absence of Violence/Terrorism: Estimate,PV.EST,-2.107878
"Congo, Dem. Rep.",COD,Regulatory Quality: Estimate,RQ.EST,-1.474025
"Congo, Dem. Rep.",COD,Rule of Law: Estimate,RL.EST,-1.783715
"Congo, Dem. Rep.",COD,Voice and Accountability: Estimate,VA.EST,-1.495177
"Congo, Rep.",COG,Control of Corruption: Estimate,CC.EST,-1.358974
"Congo, Rep.",COG,Government Effectiveness: Estimate,GE.EST,-1.217236
"Congo, Rep.",COG,Political Stability and Absence of Violence/Terrorism: Estimate,PV.EST,-0.339566
"Congo, Rep.",COG,Regulatory Quality: Estimate,RQ.EST,-1.329745
"Congo, Rep.",COG,Rule of Law: Estimate,RL.EST,-1.101009
"Congo, Rep.",COG,Voice and Accountability: Estimate,VA.EST,-1.180254
Cook Islands,COK,Control of Corruption: Estimate,CC.EST,..
Cook Islands,COK,Government Effectiveness: Estimate,GE.EST,..
Cook Islands,COK,Political Stability and Absence of Violence/Terrorism: Estimate,PV.EST,..
Cook Islands,COK,Regulatory Quality: Estimate,RQ.EST,..
Cook Islands,COK,Rule of Law: Estimate,RL.EST,..
Cook Islands,COK,Voice and Accountability: Estimate,VA.EST,..
Costa Rica,CRI,Control of Corruption: Estimate,CC.EST,0.5514317
Costa Rica,CRI,Government Effectiveness: Estimate,GE.EST,0.3781868
Costa Rica,CRI,Political Stability and Absence of Violence/Terrorism: Estimate,PV.EST,0.4771462
Costa Rica,CRI,Regulatory Quality: Estimate,RQ.EST,0.4888904
Costa Rica,CRI,Rule of Law: Estimate,RL.EST,0.4804583
Costa Rica,CRI,Voice and Accountability: Estimate,VA.EST,1.141728
Cote d'Ivoire,CIV,Control of Corruption: Estimate,CC.EST,-0.4993051
Cote d'Ivoire,CIV,Government Effectiveness: Estimate,GE.EST,-0.5705186
Cote d'Ivoire,CIV,Political Stability and Absence of Violence/Terrorism: Estimate,PV.EST,-0.8890731
Cote d'Ivoire,CIV,Regulatory Quality: Estimate,RQ.EST,-0.2004344
Cote d'Ivoire,CIV,Rule of Law: Estimate,RL.EST,-0.579603
Cote d'Ivoire,CIV,Voice and Accountability: Estimate,VA.EST,-0.2315187
Croatia,HRV,Control of Corruption: Estimate,CC.EST,0.1316723
Croatia,HRV,Government Effectiveness: Estimate,GE.EST,0.4569183
Croatia,HRV,Political Stability and Absence of Violence/Terrorism: Estimate,PV.EST,0.8100172
Croatia,HRV,Regulatory Quality: Estimate,RQ.EST,0.5383773
Croatia,HRV,Rule of Law: Estimate,RL.EST,0.3243876
Croatia,HRV,Voice and Accountability: Estimate,VA.EST,0.5031265
Cuba,CUB,Control of Corruption: Estimate,CC.EST,0.1654531
Cuba,CUB,Government Effectiveness: Estimate,GE.EST,-0.2448378
Cuba,CUB,Political Stability and Absence of Violence/Terrorism: Estimate,PV.EST,0.6563528
Cuba,CUB,Regulatory Quality: Estimate,RQ.EST,-1.459868
Cuba,CUB,Rule of Law: Estimate,RL.EST,-0.4444182
Cuba,CUB,Voice and Accountability: Estimate,VA.EST,-1.444532
Cyprus,CYP,Control of Corruption: Estimate,CC.EST,0.6400679
Cyprus,CYP,Government Effectiveness: Estimate,GE.EST,0.9209022
Cyprus,CYP,Political Stability and Absence of Violence/Terrorism: Estimate,PV.EST,0.4993934
Cyprus,CYP,Regulatory Quality: Estimate,RQ.EST,0.873209
Cyprus,CYP,Rule of Law: Estimate,RL.EST,0.7528808
Cyprus,CYP,Voice and Accountability: Estimate,VA.EST,1.038192
Czech Republic,CZE,Control of Corruption: Estimate,CC.EST,0.5038155
Czech Republic,CZE,Government Effectiveness: Estimate,GE.EST,0.9222081
Czech Republic,CZE,Political Stability and Absence of Violence/Terrorism: Estimate,PV.EST,1.038869
Czech Republic,CZE,Regulatory Quality: Estimate,RQ.EST,1.276147
Czech Republic,CZE,Rule of Law: Estimate,RL.EST,1.048951
Czech Republic,CZE,Voice and Accountability: Estimate,VA.EST,0.9313924
Denmark,DNK,Control of Corruption: Estimate,CC.EST,2.1481
Denmark,DNK,Government Effectiveness: Estimate,GE.EST,1.871631
Denmark,DNK,Political Stability and Absence of Violence/Terrorism: Estimate,PV.EST,0.9532585
Denmark,DNK,Regulatory Quality: Estimate,RQ.EST,1.637036
Denmark,DNK,Rule of Law: Estimate,RL.EST,1.832333
Denmark,DNK,Voice and Accountability: Estimate,VA.EST,1.611867
Djibouti,DJI,Control of Corruption: Estimate,CC.EST,-0.7168902
Djibouti,DJI,Government Effectiveness: Estimate,GE.EST,-0.8990966
Djibouti,DJI,Political Stability and Absence of Violence/Terrorism: Estimate,PV.EST,-0.1290753
Djibouti,DJI,Regulatory Quality: Estimate,RQ.EST,-0.6979581
Djibouti,DJI,Rule of Law: Estimate,RL.EST,-0.9224761
Djibouti,DJI,Voice and Accountability: Estimate,VA.EST,-1.351728
Dominica,DMA,Control of Corruption: Estimate,CC.EST,0.5458227
Dominica,DMA,Government Effectiveness: Estimate,GE.EST,-0.2895034
Dominica,DMA,Political Stability and Absence of Violence/Terrorism: Estimate,PV.EST,1.102953
Dominica,DMA,Regulatory Quality: Estimate,RQ.EST,0.084885
Dominica,DMA,Rule of Law: Estimate,RL.EST,0.671662
Dominica,DMA,Voice and Accountability: Estimate,VA.EST,0.8187482
Dominican Republic,DOM,Control of Corruption: Estimate,CC.EST,-0.7564989
Dominican Republic,DOM,Government Effectiveness: Estimate,GE.EST,-0.4002573
Dominican Republic,DOM,Political Stability and Absence of Violence/Terrorism: Estimate,PV.EST,0.0322322
Dominican Republic,DOM,Regulatory Quality: Estimate,RQ.EST,-0.0654638
Dominican Republic,DOM,Rule of Law: Estimate,RL.EST,-0.3792109
Dominican Republic,DOM,Voice and Accountability: Estimate,VA.EST,0.1407232
Ecuador,ECU,Control of Corruption: Estimate,CC.EST,-0.5656243
Ecuador,ECU,Government Effectiveness: Estimate,GE.EST,-0.2613976
Ecuador,ECU,Political Stability and Absence of Violence/Terrorism: Estimate,PV.EST,-0.0808058
Ecuador,ECU,Regulatory Quality: Estimate,RQ.EST,-0.8689445
Ecuador,ECU,Rule of Law: Estimate,RL.EST,-0.6388752
Ecuador,ECU,Voice and Accountability: Estimate,VA.EST,0.0243482
"Egypt, Arab Rep.",EGY,Control of Corruption: Estimate,CC.EST,-0.5658687
"Egypt, Arab Rep.",EGY,Government Effectiveness: Estimate,GE.EST,-0.5848041
"Egypt, Arab Rep.",EGY,Political Stability and Absence of Violence/Terrorism: Estimate,PV.EST,-1.170035
"Egypt, Arab Rep.",EGY,Regulatory Quality: Estimate,RQ.EST,-0.8632245
"Egypt, Arab Rep.",EGY,Rule of Law: Estimate,RL.EST,-0.4123932
"Egypt, Arab Rep.",EGY,Voice and Accountability: Estimate,VA.EST,-1.311536
El Salvador,SLV,Control of Corruption: Estimate,CC.EST,-0.6006837
El Salvador,SLV,Government Effectiveness: Estimate,GE.EST,-0.4471425
El Salvador,SLV,Political Stability and Absence of Violence/Terrorism: Estimate,PV.EST,-0.3787947
El Salvador,SLV,Regulatory Quality: Estimate,RQ.EST,0.035562
El Salvador,SLV,Rule of Law: Estimate,RL.EST,-0.8280311
El Salvador,SLV,Voice and Accountability: Estimate,VA.EST,0.0428426
Equatorial Guinea,GNQ,Control of Corruption: Estimate,CC.EST,-1.559879
Equatorial Guinea,GNQ,Government Effectiveness: Estimate,GE.EST,-1.29438
Equatorial Guinea,GNQ,Political Stability and Absence of Violence/Terrorism: Estimate,PV.EST,-0.0839038
Equatorial Guinea,GNQ,Regulatory Quality: Estimate,RQ.EST,-1.544196
Equatorial Guinea,GNQ,Rule of Law: Estimate,RL.EST,-1.414762
Equatorial Guinea,GNQ,Voice and Accountability: Estimate,VA.EST,-1.863238
Eritrea,ERI,Control of Corruption: Estimate,CC.EST,-1.316185
Eritrea,ERI,Government Effectiveness: Estimate,GE.EST,-1.727732
Eritrea,ERI,Political Stability and Absence of Violence/Terrorism: Estimate,PV.EST,-0.5966769
Eritrea,ERI,Regulatory Quality: Estimate,RQ.EST,-2.213971
Eritrea,ERI,Rule of Law: Estimate,RL.EST,-1.586008
Eritrea,ERI,Voice and Accountability: Estimate,VA.EST,-2.174927
Estonia,EST,Control of Corruption: Estimate,CC.EST,1.506536
Estonia,EST,Government Effectiveness: Estimate,GE.EST,1.191938
Estonia,EST,Political Stability and Absence of Violence/Terrorism: Estimate,PV.EST,0.5949079
Estonia,EST,Regulatory Quality: Estimate,RQ.EST,1.552473
Estonia,EST,Rule of Law: Estimate,RL.EST,1.239835
Estonia,EST,Voice and Accountability: Estimate,VA.EST,1.213068
Eswatini,SWZ,Control of Corruption: Estimate,CC.EST,-0.2176961
Eswatini,SWZ,Government Effectiveness: Estimate,GE.EST,-0.6599468
Eswatini,SWZ,Political Stability and Absence of Violence/Terrorism: Estimate,PV.EST,-0.3645701
Eswatini,SWZ,Regulatory Quality: Estimate,RQ.EST,-0.6154431
Eswatini,SWZ,Rule of Law: Estimate,RL.EST,-0.2486529
Eswatini,SWZ,Voice and Accountability: Estimate,VA.EST,-1.355929
Ethiopia,ETH,Control of Corruption: Estimate,CC.EST,-0.4862171
Ethiopia,ETH,Government Effectiveness: Estimate,GE.EST,-0.6074697
Ethiopia,ETH,Political Stability and Absence of Violence/Terrorism: Estimate,PV.EST,-1.269462
Ethiopia,ETH,Regulatory Quality: Estimate,RQ.EST,-0.9712701
Ethiopia,ETH,Rule of Law: Estimate,RL.EST,-0.4283645
Ethiopia,ETH,Voice and Accountability: Estimate,VA.EST,-1.148297
Fiji,FJI,Control of Corruption: Estimate,CC.EST,0.3810643
Fiji,FJI,Government Effectiveness: Estimate,GE.EST,0.2595362
Fiji,FJI,Political Stability and Absence of Violence/Terrorism: Estimate,PV.EST,0.8753972
Fiji,FJI,Regulatory Quality: Estimate,RQ.EST,-0.219138
Fiji,FJI,Rule of Law: Estimate,RL.EST,-0.1288625
Fiji,FJI,Voice and Accountability: Estimate,VA.EST,0.2186567
Finland,FIN,Control of Corruption: Estimate,CC.EST,2.212744
Finland,FIN,Government Effectiveness: Estimate,GE.EST,1.984208
Finland,FIN,Political Stability and Absence of Violence/Terrorism: Estimate,PV.EST,0.9154205
Finland,FIN,Regulatory Quality: Estimate,RQ.EST,1.786478
Finland,FIN,Rule of Law: Estimate,RL.EST,2.045142
Finland,FIN,Voice and Accountability: Estimate,VA.EST,1.612457
France,FRA,Control of Corruption: Estimate,CC.EST,1.317086
France,FRA,Government Effectiveness: Estimate,GE.EST,1.480526
France,FRA,Political Stability and Absence of Violence/Terrorism: Estimate,PV.EST,0.0374602
France,FRA,Regulatory Quality: Estimate,RQ.EST,1.156849
France,FRA,Rule of Law: Estimate,RL.EST,1.43921
France,FRA,Voice and Accountability: Estimate,VA.EST,1.180631
French Guiana,GUF,Control of Corruption: Estimate,CC.EST,0.9526603
French Guiana,GUF,Government Effectiveness: Estimate,GE.EST,1.397863
French Guiana,GUF,Political Stability and Absence of Violence/Terrorism: Estimate,PV.EST,0.528242
French Guiana,GUF,Regulatory Quality: Estimate,RQ.EST,1.305632
French Guiana,GUF,Rule of Law: Estimate,RL.EST,1.209605
French Guiana,GUF,Voice and Accountability: Estimate,VA.EST,1.306017
Gabon,GAB,Control of Corruption: Estimate,CC.EST,-0.8557801
Gabon,GAB,Government Effectiveness: Estimate,GE.EST,-0.8122834
Gabon,GAB,Political Stability and Absence of Violence/Terrorism: Estimate,PV.EST,-0.2450999
Gabon,GAB,Regulatory Quality: Estimate,RQ.EST,-0.915203
Gabon,GAB,Rule of Law: Estimate,RL.EST,-0.7061421
Gabon,GAB,Voice and Accountability: Estimate,VA.EST,-0.9471998
"Gambia, The",GMB,Control of Corruption: Estimate,CC.EST,-0.4623365
"Gambia, The",GMB,Government Effectiveness: Estimate,GE.EST,-0.6234712
"Gambia, The",GMB,Political Stability and Absence of Violence/Terrorism: Estimate,PV.EST,-0.0659801
"Gambia, The",GMB,Regulatory Quality: Estimate,RQ.EST,-0.6283253
"Gambia, The",GMB,Rule of Law: Estimate,RL.EST,-0.4308292
"Gambia, The",GMB,Voice and Accountability: Estimate,VA.EST,-0.1979683
Georgia,GEO,Control of Corruption: Estimate,CC.EST,0.7081019
Georgia,GEO,Government Effectiveness: Estimate,GE.EST,0.6145709
Georgia,GEO,Political Stability and Absence of Violence/Terrorism: Estimate,PV.EST,-0.4326036
Georgia,GEO,Regulatory Quality: Estimate,RQ.EST,1.125836
Georgia,GEO,Rule of Law: Estimate,RL.EST,0.3276485
Georgia,GEO,Voice and Accountability: Estimate,VA.EST,0.2480459
Germany,DEU,Control of Corruption: Estimate,CC.EST,1.946862
Germany,DEU,Government Effectiveness: Estimate,GE.EST,1.619633
Germany,DEU,Political Stability and Absence of Violence/Terrorism: Estimate,PV.EST,0.5987851
Germany,DEU,Regulatory Quality: Estimate,RQ.EST,1.763705
Germany,DEU,Rule of Law: Estimate,RL.EST,1.629487
Germany,DEU,Voice and Accountability: Estimate,VA.EST,1.423473
Ghana,GHA,Control of Corruption: Estimate,CC.EST,-0.1158941
Ghana,GHA,Government Effectiveness: Estimate,GE.EST,-0.2102704
Ghana,GHA,Political Stability and Absence of Violence/Terrorism: Estimate,PV.EST,-0.017135
Ghana,GHA,Regulatory Quality: Estimate,RQ.EST,-0.0917172
Ghana,GHA,Rule of Law: Estimate,RL.EST,0.0715621
Ghana,GHA,Voice and Accountability: Estimate,VA.EST,0.5792788
Greece,GRC,Control of Corruption: Estimate,CC.EST,-0.0660192
Greece,GRC,Government Effectiveness: Estimate,GE.EST,0.3382609
Greece,GRC,Political Stability and Absence of Violence/Terrorism: Estimate,PV.EST,0.1740548
Greece,GRC,Regulatory Quality: Estimate,RQ.EST,0.4140628
Greece,GRC,Rule of Law: Estimate,RL.EST,0.1526495
Greece,GRC,Voice and Accountability: Estimate,VA.EST,0.8574601
Greenland,GRL,Control of Corruption: Estimate,CC.EST,1.177475
Greenland,GRL,Government Effectiveness: Estimate,GE.EST,0.8380827
Greenland,GRL,Political Stability and Absence of Violence/Terrorism: Estimate,PV.EST,1.935498
Greenland,GRL,Regulatory Quality: Estimate,RQ.EST,1.369053
Greenland,GRL,Rule of Law: Estimate,RL.EST,1.737413
Greenland,GRL,Voice and Accountability: Estimate,VA.EST,1.306017
Grenada,GRD,Control of Corruption: Estimate,CC.EST,0.3766035
Grenada,GRD,Government Effectiveness: Estimate,GE.EST,-0.2529525
Grenada,GRD,Political Stability and Absence of Violence/Terrorism: Estimate,PV.EST,0.9924276
Grenada,GRD,Regulatory Quality: Estimate,RQ.EST,-0.289589
Grenada,GRD,Rule of Law: Estimate,RL.EST,0.2296057
Grenada,GRD,Voice and Accountability: Estimate,VA.EST,0.5224053
Guam,GUM,Control of Corruption: Estimate,CC.EST,1.238797
Guam,GUM,Government Effectiveness: Estimate,GE.EST,0.2727026
Guam,GUM,Political Stability and Absence of Violence/Terrorism: Estimate,PV.EST,0.631032
Guam,GUM,Regulatory Quality: Estimate,RQ.EST,0.0839848
Guam,GUM,Rule of Law: Estimate,RL.EST,1.363119
Guam,GUM,Voice and Accountability: Estimate,VA.EST,..
Guatemala,GTM,Control of Corruption: Estimate,CC.EST,-0.8205505
Guatemala,GTM,Government Effectiveness: Estimate,GE.EST,-0.6820061
Guatemala,GTM,Political Stability and Absence of Violence/Terrorism: Estimate,PV.EST,-0.5292468
Guatemala,GTM,Regulatory Quality: Estimate,RQ.EST,-0.1901745
Guatemala,GTM,Rule of Law: Estimate,RL.EST,-1.037602
Guatemala,GTM,Voice and Accountability: Estimate,VA.EST,-0.3395694
Guinea,GIN,Control of Corruption: Estimate,CC.EST,-1.04368
Guinea,GIN,Government Effectiveness: Estimate,GE.EST,-0.9709232
Guinea,GIN,Political Stability and Absence of Violence/Terrorism: Estimate,PV.EST,-0.8744907
Guinea,GIN,Regulatory Quality: Estimate,RQ.EST,-0.7763806
Guinea,GIN,Rule of Law: Estimate,RL.EST,-1.211245
Guinea,GIN,Voice and Accountability: Estimate,VA.EST,-0.752925
Guinea-Bissau,GNB,Control of Corruption: Estimate,CC.EST,-1.533915
Guinea-Bissau,GNB,Government Effectiveness: Estimate,GE.EST,-1.48785
Guinea-Bissau,GNB,Political Stability and Absence of Violence/Terrorism: Estimate,PV.EST,-0.6762453
Guinea-Bissau,GNB,Regulatory Quality: Estimate,RQ.EST,-1.202787
Guinea-Bissau,GNB,Rule of Law: Estimate,RL.EST,-1.233773
Guinea-Bissau,GNB,Voice and Accountability: Estimate,VA.EST,-0.666715
Guyana,GUY,Control of Corruption: Estimate,CC.EST,-0.2267126
Guyana,GUY,Government Effectiveness: Estimate,GE.EST,-0.2694839
Guyana,GUY,Political Stability and Absence of Violence/Terrorism: Estimate,PV.EST,-0.1791495
Guyana,GUY,Regulatory Quality: Estimate,RQ.EST,-0.5409482
Guyana,GUY,Rule of Law: Estimate,RL.EST,-0.372387
Guyana,GUY,Voice and Accountability: Estimate,VA.EST,0.2427866
Haiti,HTI,Control of Corruption: Estimate,CC.EST,-1.280559
Haiti,HTI,Government Effectiveness: Estimate,GE.EST,-1.909054
Haiti,HTI,Political Stability and Absence of Violence/Terrorism: Estimate,PV.EST,-0.6305112
Haiti,HTI,Regulatory Quality: Estimate,RQ.EST,-1.260932
Haiti,HTI,Rule of Law: Estimate,RL.EST,-1.051864
Haiti,HTI,Voice and Accountability: Estimate,VA.EST,-0.7371069
Honduras,HND,Control of Corruption: Estimate,CC.EST,-0.6184291
Honduras,HND,Government Effectiveness: Estimate,GE.EST,-0.6206585
Honduras,HND,Political Stability and Absence of Violence/Terrorism: Estimate,PV.EST,-0.5217014
Honduras,HND,Regulatory Quality: Estimate,RQ.EST,-0.4447892
Honduras,HND,Rule of Law: Estimate,RL.EST,-1.030544
Honduras,HND,Voice and Accountability: Estimate,VA.EST,-0.508884
"Hong Kong SAR, China",HKG,Control of Corruption: Estimate,CC.EST,1.676682
"Hong Kong SAR, China",HKG,Government Effectiveness: Estimate,GE.EST,1.903607
"Hong Kong SAR, China",HKG,Political Stability and Absence of Violence/Terrorism: Estimate,PV.EST,0.7907934
"Hong Kong SAR, China",HKG,Regulatory Quality: Estimate,RQ.EST,2.226964
"Hong Kong SAR, China",HKG,Rule of Law: Estimate,RL.EST,1.770377
"Hong Kong SAR, China",HKG,Voice and Accountability: Estimate,VA.EST,0.4687442
Hungary,HUN,Control of Corruption: Estimate,CC.EST,0.0533697
Hungary,HUN,Government Effectiveness: Estimate,GE.EST,0.4873109
Hungary,HUN,Political Stability and Absence of Violence/Terrorism: Estimate,PV.EST,0.7544653
Hungary,HUN,Regulatory Quality: Estimate,RQ.EST,0.5750539
Hungary,HUN,Rule of Law: Estimate,RL.EST,0.5548946
Hungary,HUN,Voice and Accountability: Estimate,VA.EST,0.3195869
Iceland,ISL,Control of Corruption: Estimate,CC.EST,1.843913
Iceland,ISL,Government Effectiveness: Estimate,GE.EST,1.465655
Iceland,ISL,Political Stability and Absence of Violence/Terrorism: Estimate,PV.EST,1.412747
Iceland,ISL,Regulatory Quality: Estimate,RQ.EST,1.416202
Iceland,ISL,Rule of Law: Estimate,RL.EST,1.718737
Iceland,ISL,Voice and Accountability: Estimate,VA.EST,1.412766
India,IND,Control of Corruption: Estimate,CC.EST,-0.1863026
India,IND,Government Effectiveness: Estimate,GE.EST,0.2830485
India,IND,Political Stability and Absence of Violence/Terrorism: Estimate,PV.EST,-0.977272
India,IND,Regulatory Quality: Estimate,RQ.EST,-0.2250376
India,IND,Rule of Law: Estimate,RL.EST,0.0259461
India,IND,Voice and Accountability: Estimate,VA.EST,0.3800421
Indonesia,IDN,Control of Corruption: Estimate,CC.EST,-0.251563
Indonesia,IDN,Government Effectiveness: Estimate,GE.EST,0.1798754
Indonesia,IDN,Political Stability and Absence of Violence/Terrorism: Estimate,PV.EST,-0.5367906
Indonesia,IDN,Regulatory Quality: Estimate,RQ.EST,-0.1410355
Indonesia,IDN,Rule of Law: Estimate,RL.EST,-0.3150386
Indonesia,IDN,Voice and Accountability: Estimate,VA.EST,0.1810466
"Iran, Islamic Rep.",IRN,Control of Corruption: Estimate,CC.EST,-0.9589301
"Iran, Islamic Rep.",IRN,Government Effectiveness: Estimate,GE.EST,-0.4302173
"Iran, Islamic Rep.",IRN,Political Stability and Absence of Violence/Terrorism: Estimate,PV.EST,-1.337683
"Iran, Islamic Rep.",IRN,Regulatory Quality: Estimate,RQ.EST,-1.376154
"Iran, Islamic Rep.",IRN,Rule of Law: Estimate,RL.EST,-0.6935748
"Iran, Islamic Rep.",IRN,Voice and Accountability: Estimate,VA.EST,-1.317654
Iraq,IRQ,Control of Corruption: Estimate,CC.EST,-1.399581
Iraq,IRQ,Government Effectiveness: Estimate,GE.EST,-1.320548
Iraq,IRQ,Political Stability and Absence of Violence/Terrorism: Estimate,PV.EST,-2.516502
Iraq,IRQ,Regulatory Quality: Estimate,RQ.EST,-1.162634
Iraq,IRQ,Rule of Law: Estimate,RL.EST,-1.758796
Iraq,IRQ,Voice and Accountability: Estimate,VA.EST,-0.9854601
Ireland,IRL,Control of Corruption: Estimate,CC.EST,1.5476
Ireland,IRL,Government Effectiveness: Estimate,GE.EST,1.420338
Ireland,IRL,Political Stability and Absence of Violence/Terrorism: Estimate,PV.EST,1.028014
Ireland,IRL,Regulatory Quality: Estimate,RQ.EST,1.628548
Ireland,IRL,Rule of Law: Estimate,RL.EST,1.463336
Ireland,IRL,Voice and Accountability: Estimate,VA.EST,1.318841
Israel,ISR,Control of Corruption: Estimate,CC.EST,0.786691
Israel,ISR,Government Effectiveness: Estimate,GE.EST,1.208207
Israel,ISR,Political Stability and Absence of Violence/Terrorism: Estimate,PV.EST,-0.9020357
Israel,ISR,Regulatory Quality: Estimate,RQ.EST,1.246901
Israel,ISR,Rule of Law: Estimate,RL.EST,0.993224
Israel,ISR,Voice and Accountability: Estimate,VA.EST,0.6513287
Italy,ITA,Control of Corruption: Estimate,CC.EST,0.2356661
Italy,ITA,Government Effectiveness: Estimate,GE.EST,0.4138835
Italy,ITA,Political Stability and Absence of Violence/Terrorism: Estimate,PV.EST,0.3502454
Italy,ITA,Regulatory Quality: Estimate,RQ.EST,0.7264114
Italy,ITA,Rule of Law: Estimate,RL.EST,0.2463965
Italy,ITA,Voice and Accountability: Estimate,VA.EST,1.046784
Jamaica,JAM,Control of Corruption: Estimate,CC.EST,-0.1815255
Jamaica,JAM,Government Effectiveness: Estimate,GE.EST,0.4967112
Jamaica,JAM,Political Stability and Absence of Violence/Terrorism: Estimate,PV.EST,0.4406607
Jamaica,JAM,Regulatory Quality: Estimate,RQ.EST,0.2024362
Jamaica,JAM,Rule of Law: Estimate,RL.EST,-0.2307076
Jamaica,JAM,Voice and Accountability: Estimate,VA.EST,0.6140055
Japan,JPN,Control of Corruption: Estimate,CC.EST,1.424979
Japan,JPN,Government Effectiveness: Estimate,GE.EST,1.675817
Japan,JPN,Political Stability and Absence of Violence/Terrorism: Estimate,PV.EST,1.055935
Japan,JPN,Regulatory Quality: Estimate,RQ.EST,1.3436
Japan,JPN,Rule of Law: Estimate,RL.EST,1.53319
Japan,JPN,Voice and Accountability: Estimate,VA.EST,1.016916
"Jersey, Channel Islands",JEY,Control of Corruption: Estimate,CC.EST,1.102552
"Jersey, Channel Islands",JEY,Government Effectiveness: Estimate,GE.EST,1.259951
"Jersey, Channel Islands",JEY,Political Stability and Absence of Violence/Terrorism: Estimate,PV.EST,1.271342
"Jersey, Channel Islands",JEY,Regulatory Quality: Estimate,RQ.EST,0.7147751
"Jersey, Channel Islands",JEY,Rule of Law: Estimate,RL.EST,1.737413
"Jersey, Channel Islands",JEY,Voice and Accountability: Estimate,VA.EST,1.306017
Jordan,JOR,Control of Corruption: Estimate,CC.EST,0.1495778
Jordan,JOR,Government Effectiveness: Estimate,GE.EST,0.112718
Jordan,JOR,Political Stability and Absence of Violence/Terrorism: Estimate,PV.EST,-0.412433
Jordan,JOR,Regulatory Quality: Estimate,RQ.EST,0.0298972
Jordan,JOR,Rule of Law: Estimate,RL.EST,0.2334316
Jordan,JOR,Voice and Accountability: Estimate,VA.EST,-0.7001383
Kazakhstan,KAZ,Control of Corruption: Estimate,CC.EST,-0.5017782
Kazakhstan,KAZ,Government Effectiveness: Estimate,GE.EST,0.0217204
Kazakhstan,KAZ,Political Stability and Absence of Violence/Terrorism: Estimate,PV.EST,-0.030635
Kazakhstan,KAZ,Regulatory Quality: Estimate,RQ.EST,0.125332
Kazakhstan,KAZ,Rule of Law: Estimate,RL.EST,-0.4316792
Kazakhstan,KAZ,Voice and Accountability: Estimate,VA.EST,-1.17019
Kenya,KEN,Control of Corruption: Estimate,CC.EST,-0.8523029
Kenya,KEN,Government Effectiveness: Estimate,GE.EST,-0.4108523
Kenya,KEN,Political Stability and Absence of Violence/Terrorism: Estimate,PV.EST,-1.174071
Kenya,KEN,Regulatory Quality: Estimate,RQ.EST,-0.2227789
Kenya,KEN,Rule of Law: Estimate,RL.EST,-0.4111333
Kenya,KEN,Voice and Accountability: Estimate,VA.EST,-0.3574186
Kiribati,KIR,Control of Corruption: Estimate,CC.EST,0.3364744
Kiribati,KIR,Government Effectiveness: Estimate,GE.EST,-0.2764392
Kiribati,KIR,Political Stability and Absence of Violence/Terrorism: Estimate,PV.EST,1.030573
Kiribati,KIR,Regulatory Quality: Estimate,RQ.EST,-0.769636
Kiribati,KIR,Rule of Law: Estimate,RL.EST,0.4928674
Kiribati,KIR,Voice and Accountability: Estimate,VA.EST,1.146119
"Korea, Dem. People’s Rep.",PRK,Control of Corruption: Estimate,CC.EST,-1.566452
"Korea, Dem. People’s Rep.",PRK,Government Effectiveness: Estimate,GE.EST,-1.57276
"Korea, Dem. People’s Rep.",PRK,Political Stability and Absence of Violence/Terrorism: Estimate,PV.EST,-0.3389556
"Korea, Dem. People’s Rep.",PRK,Regulatory Quality: Estimate,RQ.EST,-2.361374
"Korea, Dem. People’s Rep.",PRK,Rule of Law: Estimate,RL.EST,-1.634117
"Korea, Dem. People’s Rep.",PRK,Voice and Accountability: Estimate,VA.EST,-2.201704
"Korea, Rep.",KOR,Control of Corruption: Estimate,CC.EST,0.6042064
"Korea, Rep.",KOR,Government Effectiveness: Estimate,GE.EST,1.182665
"Korea, Rep.",KOR,Political Stability and Absence of Violence/Terrorism: Estimate,PV.EST,0.6009347
"Korea, Rep.",KOR,Regulatory Quality: Estimate,RQ.EST,1.10297
"Korea, Rep.",KOR,Rule of Law: Estimate,RL.EST,1.23576
"Korea, Rep.",KOR,Voice and Accountability: Estimate,VA.EST,0.797182
Kosovo,XKX,Control of Corruption: Estimate,CC.EST,-0.5190936
Kosovo,XKX,Government Effectiveness: Estimate,GE.EST,-0.4283053
Kosovo,XKX,Political Stability and Absence of Violence/Terrorism: Estimate,PV.EST,-0.6640014
Kosovo,XKX,Regulatory Quality: Estimate,RQ.EST,-0.325615
Kosovo,XKX,Rule of Law: Estimate,RL.EST,-0.3710781
Kosovo,XKX,Voice and Accountability: Estimate,VA.EST,-0.1198885
Kuwait,KWT,Control of Corruption: Estimate,CC.EST,-0.2894517
Kuwait,KWT,Government Effectiveness: Estimate,GE.EST,-0.0878059
Kuwait,KWT,Political Stability and Absence of Violence/Terrorism: Estimate,PV.EST,0.1098001
Kuwait,KWT,Regulatory Quality: Estimate,RQ.EST,0.0256516
Kuwait,KWT,Rule of Law: Estimate,RL.EST,0.2104
Kuwait,KWT,Voice and Accountability: Estimate,VA.EST,-0.5889603
Kyrgyz Republic,KGZ,Control of Corruption: Estimate,CC.EST,-0.9544102
Kyrgyz Republic,KGZ,Government Effectiveness: Estimate,GE.EST,-0.6115379
Kyrgyz Republic,KGZ,Political Stability and Absence of Violence/Terrorism: Estimate,PV.EST,-0.5845503
Kyrgyz Republic,KGZ,Regulatory Quality: Estimate,RQ.EST,-0.3528325
Kyrgyz Republic,KGZ,Rule of Law: Estimate,RL.EST,-0.9075518
Kyrgyz Republic,KGZ,Voice and Accountability: Estimate,VA.EST,-0.3726686
Lao PDR,LAO,Control of Corruption: Estimate,CC.EST,-0.9827906
Lao PDR,LAO,Government Effectiveness: Estimate,GE.EST,-0.672724
Lao PDR,LAO,Political Stability and Absence of Violence/Terrorism: Estimate,PV.EST,0.4158941
Lao PDR,LAO,Regulatory Quality: Estimate,RQ.EST,-0.7752438
Lao PDR,LAO,Rule of Law: Estimate,RL.EST,-0.8424519
Lao PDR,LAO,Voice and Accountability: Estimate,VA.EST,-1.739128
Latvia,LVA,Control of Corruption: Estimate,CC.EST,0.3286469
Latvia,LVA,Government Effectiveness: Estimate,GE.EST,1.043452
Latvia,LVA,Political Stability and Absence of Violence/Terrorism: Estimate,PV.EST,0.4151432
Latvia,LVA,Regulatory Quality: Estimate,RQ.EST,1.142925
Latvia,LVA,Rule of Law: Estimate,RL.EST,0.9563159
Latvia,LVA,Voice and Accountability: Estimate,VA.EST,0.8134512
Lebanon,LBN,Control of Corruption: Estimate,CC.EST,-1.109051
Lebanon,LBN,Government Effectiveness: Estimate,GE.EST,-0.6402023
Lebanon,LBN,Political Stability and Absence of Violence/Terrorism: Estimate,PV.EST,-1.618437
Lebanon,LBN,Regulatory Quality: Estimate,RQ.EST,-0.4371197
Lebanon,LBN,Rule of Law: Estimate,RL.EST,-0.764344
Lebanon,LBN,Voice and Accountability: Estimate,VA.EST,-0.4977056
Lesotho,LSO,Control of Corruption: Estimate,CC.EST,-0.1029647
Lesotho,LSO,Government Effectiveness: Estimate,GE.EST,-0.8609057
Lesotho,LSO,Political Stability and Absence of Violence/Terrorism: Estimate,PV.EST,-0.1699952
Lesotho,LSO,Regulatory Quality: Estimate,RQ.EST,-0.4996915
Lesotho,LSO,Rule of Law: Estimate,RL.EST,-0.3367751
Lesotho,LSO,Voice and Accountability: Estimate,VA.EST,0.0270047
Liberia,LBR,Control of Corruption: Estimate,CC.EST,-0.8520926
Liberia,LBR,Government Effectiveness: Estimate,GE.EST,-1.340831
Liberia,LBR,Political Stability and Absence of Violence/Terrorism: Estimate,PV.EST,-0.2454872
Liberia,LBR,Regulatory Quality: Estimate,RQ.EST,-0.9571922
Liberia,LBR,Rule of Law: Estimate,RL.EST,-0.9888872
Liberia,LBR,Voice and Accountability: Estimate,VA.EST,-0.0431769
Libya,LBY,Control of Corruption: Estimate,CC.EST,-1.552905
Libya,LBY,Government Effectiveness: Estimate,GE.EST,-1.847037
Libya,LBY,Political Stability and Absence of Violence/Terrorism: Estimate,PV.EST,-2.432416
Libya,LBY,Regulatory Quality: Estimate,RQ.EST,-2.284616
Libya,LBY,Rule of Law: Estimate,RL.EST,-1.785323
Libya,LBY,Voice and Accountability: Estimate,VA.EST,-1.522492
Liechtenstein,LIE,Control of Corruption: Estimate,CC.EST,2.007996
Liechtenstein,LIE,Government Effectiveness: Estimate,GE.EST,1.739037
Liechtenstein,LIE,Political Stability and Absence of Violence/Terrorism: Estimate,PV.EST,1.481834
Liechtenstein,LIE,Regulatory Quality: Estimate,RQ.EST,1.530623
Liechtenstein,LIE,Rule of Law: Estimate,RL.EST,1.677058
Liechtenstein,LIE,Voice and Accountability: Estimate,VA.EST,1.320058
Lithuania,LTU,Control of Corruption: Estimate,CC.EST,0.4979783
Lithuania,LTU,Government Effectiveness: Estimate,GE.EST,1.072398
Lithuania,LTU,Political Stability and Absence of Violence/Terrorism: Estimate,PV.EST,0.7483402
Lithuania,LTU,Regulatory Quality: Estimate,RQ.EST,1.102504
Lithuania,LTU,Rule of Law: Estimate,RL.EST,0.9566904
Lithuania,LTU,Voice and Accountability: Estimate,VA.EST,0.9234785
Luxembourg,LUX,Control of Corruption: Estimate,CC.EST,2.088052
Luxembourg,LUX,Government Effectiveness: Estimate,GE.EST,1.778221
Luxembourg,LUX,Political Stability and Absence of Violence/Terrorism: Estimate,PV.EST,1.369115
Luxembourg,LUX,Regulatory Quality: Estimate,RQ.EST,1.757967
Luxembourg,LUX,Rule of Law: Estimate,RL.EST,1.80985
Luxembourg,LUX,Voice and Accountability: Estimate,VA.EST,1.56698
"Macao SAR, China",MAC,Control of Corruption: Estimate,CC.EST,0.7157937
"Macao SAR, China",MAC,Government Effectiveness: Estimate,GE.EST,1.204366
"Macao SAR, China",MAC,Political Stability and Absence of Violence/Terrorism: Estimate,PV.EST,1.259887
"Macao SAR, China",MAC,Regulatory Quality: Estimate,RQ.EST,1.61314
"Macao SAR, China",MAC,Rule of Law: Estimate,RL.EST,1.009075
"Macao SAR, China",MAC,Voice and Accountability: Estimate,VA.EST,-0.0504741
Madagascar,MDG,Control of Corruption: Estimate,CC.EST,-1.000645
Madagascar,MDG,Government Effectiveness: Estimate,GE.EST,-1.153121
Madagascar,MDG,Political Stability and Absence of Violence/Terrorism: Estimate,PV.EST,-0.5702538
Madagascar,MDG,Regulatory Quality: Estimate,RQ.EST,-0.7335708
Madagascar,MDG,Rule of Law: Estimate,RL.EST,-0.8138813
Madagascar,MDG,Voice and Accountability: Estimate,VA.EST,-0.3045127
Malawi,MWI,Control of Corruption: Estimate,CC.EST,-0.7446045
Malawi,MWI,Government Effectiveness: Estimate,GE.EST,-0.7286705
Malawi,MWI,Political Stability and Absence of Violence/Terrorism: Estimate,PV.EST,-0.4234232
Malawi,MWI,Regulatory Quality: Estimate,RQ.EST,-0.6767547
Malawi,MWI,Rule of Law: Estimate,RL.EST,-0.3803955
Malawi,MWI,Voice and Accountability: Estimate,VA.EST,-0.0577253
Malaysia,MYS,Control of Corruption: Estimate,CC.EST,0.3140343
Malaysia,MYS,Government Effectiveness: Estimate,GE.EST,1.075348
Malaysia,MYS,Political Stability and Absence of Violence/Terrorism: Estimate,PV.EST,0.2595588
Malaysia,MYS,Regulatory Quality: Estimate,RQ.EST,0.6979557
Malaysia,MYS,Rule of Law: Estimate,RL.EST,0.6228108
Malaysia,MYS,Voice and Accountability: Estimate,VA.EST,-0.0823082
Maldives,MDV,Control of Corruption: Estimate,CC.EST,-0.8931059
Maldives,MDV,Government Effectiveness: Estimate,GE.EST,-0.4884941
Maldives,MDV,Political Stability and Absence of Violence/Terrorism: Estimate,PV.EST,0.0980139
Maldives,MDV,Regulatory Quality: Estimate,RQ.EST,-0.4755704
Maldives,MDV,Rule of Law: Estimate,RL.EST,-0.5496207
Maldives,MDV,Voice and Accountability: Estimate,VA.EST,-0.6602217
Mali,MLI,Control of Corruption: Estimate,CC.EST,-0.6976493
Mali,MLI,Government Effectiveness: Estimate,GE.EST,-1.004638
Mali,MLI,Political Stability and Absence of Violence/Terrorism: Estimate,PV.EST,-2.077425
Mali,MLI,Regulatory Quality: Estimate,RQ.EST,-0.5552012
Mali,MLI,Rule of Law: Estimate,RL.EST,-0.7976651
Mali,MLI,Voice and Accountability: Estimate,VA.EST,-0.3100623
Malta,MLT,Control of Corruption: Estimate,CC.EST,0.5799955
Malta,MLT,Government Effectiveness: Estimate,GE.EST,0.968796
Malta,MLT,Political Stability and Absence of Violence/Terrorism: Estimate,PV.EST,1.290509
Malta,MLT,Regulatory Quality: Estimate,RQ.EST,1.337168
Malta,MLT,Rule of Law: Estimate,RL.EST,1.053262
Malta,MLT,Voice and Accountability: Estimate,VA.EST,1.123421
Marshall Islands,MHL,Control of Corruption: Estimate,CC.EST,-0.0740939
Marshall Islands,MHL,Government Effectiveness: Estimate,GE.EST,-1.554391
Marshall Islands,MHL,Political Stability and Absence of Violence/Terrorism: Estimate,PV.EST,0.8569517
Marshall Islands,MHL,Regulatory Quality: Estimate,RQ.EST,-1.142928
Marshall Islands,MHL,Rule of Law: Estimate,RL.EST,-0.0473926
Marshall Islands,MHL,Voice and Accountability: Estimate,VA.EST,1.146119
Martinique,MTQ,Control of Corruption: Estimate,CC.EST,1.238797
Martinique,MTQ,Government Effectiveness: Estimate,GE.EST,1.108839
Martinique,MTQ,Political Stability and Absence of Violence/Terrorism: Estimate,PV.EST,0.9831379
Martinique,MTQ,Regulatory Quality: Estimate,RQ.EST,1.193829
Martinique,MTQ,Rule of Law: Estimate,RL.EST,0.8757794
Martinique,MTQ,Voice and Accountability: Estimate,VA.EST,..
Mauritania,MRT,Control of Corruption: Estimate,CC.EST,-0.807347
Mauritania,MRT,Government Effectiveness: Estimate,GE.EST,-0.7266325
Mauritania,MRT,Political Stability and Absence of Violence/Terrorism: Estimate,PV.EST,-0.6199906
Mauritania,MRT,Regulatory Quality: Estimate,RQ.EST,-0.810981
Mauritania,MRT,Rule of Law: Estimate,RL.EST,-0.6859097
Mauritania,MRT,Voice and Accountability: Estimate,VA.EST,-0.8533964
Mauritius,MUS,Control of Corruption: Estimate,CC.EST,0.2697556
Mauritius,MUS,Government Effectiveness: Estimate,GE.EST,0.8760849
Mauritius,MUS,Political Stability and Absence of Violence/Terrorism: Estimate,PV.EST,0.8758175
Mauritius,MUS,Regulatory Quality: Estimate,RQ.EST,1.019597
Mauritius,MUS,Rule of Law: Estimate,RL.EST,0.7790678
Mauritius,MUS,Voice and Accountability: Estimate,VA.EST,0.7596182
Mexico,MEX,Control of Corruption: Estimate,CC.EST,-0.8544276
Mexico,MEX,Government Effectiveness: Estimate,GE.EST,-0.153388
Mexico,MEX,Political Stability and Absence of Violence/Terrorism: Estimate,PV.EST,-0.5734344
Mexico,MEX,Regulatory Quality: Estimate,RQ.EST,0.1584301
Mexico,MEX,Rule of Law: Estimate,RL.EST,-0.6378888
Mexico,MEX,Voice and Accountability: Estimate,VA.EST,0.0069657
"Micronesia, Fed. Sts.",FSM,Control of Corruption: Estimate,CC.EST,0.6931387
"Micronesia, Fed. Sts.",FSM,Government Effectiveness: Estimate,GE.EST,-0.1488629
"Micronesia, Fed. Sts.",FSM,Political Stability and Absence of Violence/Terrorism: Estimate,PV.EST,1.337834
"Micronesia, Fed. Sts.",FSM,Regulatory Quality: Estimate,RQ.EST,-0.9591805
"Micronesia, Fed. Sts.",FSM,Rule of Law: Estimate,RL.EST,-0.0188626
"Micronesia, Fed. Sts.",FSM,Voice and Accountability: Estimate,VA.EST,1.146119
Moldova,MDA,Control of Corruption: Estimate,CC.EST,-0.7268325
Moldova,MDA,Government Effectiveness: Estimate,GE.EST,-0.4665205
Moldova,MDA,Political Stability and Absence of Violence/Terrorism: Estimate,PV.EST,-0.395564
Moldova,MDA,Regulatory Quality: Estimate,RQ.EST,-0.0303003
Moldova,MDA,Rule of Law: Estimate,RL.EST,-0.4136537
Moldova,MDA,Voice and Accountability: Estimate,VA.EST,-0.0918864
Monaco,MCO,Control of Corruption: Estimate,CC.EST,..
Monaco,MCO,Government Effectiveness: Estimate,GE.EST,..
Monaco,MCO,Political Stability and Absence of Violence/Terrorism: Estimate,PV.EST,1.614089
Monaco,MCO,Regulatory Quality: Estimate,RQ.EST,..
Monaco,MCO,Rule of Law: Estimate,RL.EST,..
Monaco,MCO,Voice and Accountability: Estimate,VA.EST,0.6610956
Mongolia,MNG,Control of Corruption: Estimate,CC.EST,-0.4278318
Mongolia,MNG,Government Effectiveness: Estimate,GE.EST,-0.2333477
Mongolia,MNG,Political Stability and Absence of Violence/Terrorism: Estimate,PV.EST,0.8408516
Mongolia,MNG,Regulatory Quality: Estimate,RQ.EST,0.0273581
Mongolia,MNG,Rule of Law: Estimate,RL.EST,-0.2666385
Mongolia,MNG,Voice and Accountability: Estimate,VA.EST,0.2637891
Montenegro,MNE,Control of Corruption: Estimate,CC.EST,0.0228173
Montenegro,MNE,Government Effectiveness: Estimate,GE.EST,0.1311615
Montenegro,MNE,Political Stability and Absence of Violence/Terrorism: Estimate,PV.EST,0.0525616
Montenegro,MNE,Regulatory Quality: Estimate,RQ.EST,0.3582489
Montenegro,MNE,Rule of Law: Estimate,RL.EST,0.0984407
Montenegro,MNE,Voice and Accountability: Estimate,VA.EST,0.0803127
Morocco,MAR,Control of Corruption: Estimate,CC.EST,-0.2173273
Morocco,MAR,Government Effectiveness: Estimate,GE.EST,-0.2092959
Morocco,MAR,Political Stability and Absence of Violence/Terrorism: Estimate,PV.EST,-0.3363768
Morocco,MAR,Regulatory Quality: Estimate,RQ.EST,-0.2855255
Morocco,MAR,Rule of Law: Estimate,RL.EST,-0.1386846
Morocco,MAR,Voice and Accountability: Estimate,VA.EST,-0.6592323
Mozambique,MOZ,Control of Corruption: Estimate,CC.EST,-0.7809925
Mozambique,MOZ,Government Effectiveness: Estimate,GE.EST,-0.8742813
Mozambique,MOZ,Political Stability and Absence of Violence/Terrorism: Estimate,PV.EST,-0.8135263
Mozambique,MOZ,Regulatory Quality: Estimate,RQ.EST,-0.7521439
Mozambique,MOZ,Rule of Law: Estimate,RL.EST,-1.0435
Mozambique,MOZ,Voice and Accountability: Estimate,VA.EST,-0.4660109
Myanmar,MMR,Control of Corruption: Estimate,CC.EST,-0.5883577
Myanmar,MMR,Government Effectiveness: Estimate,GE.EST,-1.068652
Myanmar,MMR,Political Stability and Absence of Violence/Terrorism: Estimate,PV.EST,-1.258713
Myanmar,MMR,Regulatory Quality: Estimate,RQ.EST,-0.7442002
Myanmar,MMR,Rule of Law: Estimate,RL.EST,-1.032395
Myanmar,MMR,Voice and Accountability: Estimate,VA.EST,-0.8857879
Namibia,NAM,Control of Corruption: Estimate,CC.EST,0.3381373
Namibia,NAM,Government Effectiveness: Estimate,GE.EST,0.106442
Namibia,NAM,Political Stability and Absence of Violence/Terrorism: Estimate,PV.EST,0.6988704
Namibia,NAM,Regulatory Quality: Estimate,RQ.EST,-0.076009
Namibia,NAM,Rule of Law: Estimate,RL.EST,0.2446169
Namibia,NAM,Voice and Accountability: Estimate,VA.EST,0.4868191
Nauru,NRU,Control of Corruption: Estimate,CC.EST,-0.5539683
Nauru,NRU,Government Effectiveness: Estimate,GE.EST,-0.076744
Nauru,NRU,Political Stability and Absence of Violence/Terrorism: Estimate,PV.EST,0.8569517
Nauru,NRU,Regulatory Quality: Estimate,RQ.EST,-0.1429856
Nauru,NRU,Rule of Law: Estimate,RL.EST,-0.6908098
Nauru,NRU,Voice and Accountability: Estimate,VA.EST,0.6610956
Nepal,NPL,Control of Corruption: Estimate,CC.EST,-0.6737257
Nepal,NPL,Government Effectiveness: Estimate,GE.EST,-0.9023383
Nepal,NPL,Political Stability and Absence of Violence/Terrorism: Estimate,PV.EST,-0.5957747
Nepal,NPL,Regulatory Quality: Estimate,RQ.EST,-0.7374361
Nepal,NPL,Rule of Law: Estimate,RL.EST,-0.4781068
Nepal,NPL,Voice and Accountability: Estimate,VA.EST,-0.1304834
Netherlands,NLD,Control of Corruption: Estimate,CC.EST,2.009312
Netherlands,NLD,Government Effectiveness: Estimate,GE.EST,1.850466
Netherlands,NLD,Political Stability and Absence of Violence/Terrorism: Estimate,PV.EST,0.8614051
Netherlands,NLD,Regulatory Quality: Estimate,RQ.EST,2.020491
Netherlands,NLD,Rule of Law: Estimate,RL.EST,1.815322
Netherlands,NLD,Voice and Accountability: Estimate,VA.EST,1.596515
Netherlands Antilles,ANT,Control of Corruption: Estimate,CC.EST,..
Netherlands Antilles,ANT,Government Effectiveness: Estimate,GE.EST,..
Netherlands Antilles,ANT,Political Stability and Absence of Violence/Terrorism: Estimate,PV.EST,..
Netherlands Antilles,ANT,Regulatory Quality: Estimate,RQ.EST,..
Netherlands Antilles,ANT,Rule of Law: Estimate,RL.EST,..
Netherlands Antilles,ANT,Voice and Accountability: Estimate,VA.EST,..
New Zealand,NZL,Control of Corruption: Estimate,CC.EST,2.175004
New Zealand,NZL,Government Effectiveness: Estimate,GE.EST,1.670251
New Zealand,NZL,Political Stability and Absence of Violence/Terrorism: Estimate,PV.EST,1.540082
New Zealand,NZL,Regulatory Quality: Estimate,RQ.EST,2.007552
New Zealand,NZL,Rule of Law: Estimate,RL.EST,1.87523
New Zealand,NZL,Voice and Accountability: Estimate,VA.EST,1.624592
Nicaragua,NIC,Control of Corruption: Estimate,CC.EST,-1.092894
Nicaragua,NIC,Government Effectiveness: Estimate,GE.EST,-0.8024699
Nicaragua,NIC,Political Stability and Absence of Violence/Terrorism: Estimate,PV.EST,-0.9427003
Nicaragua,NIC,Regulatory Quality: Estimate,RQ.EST,-0.7052147
Nicaragua,NIC,Rule of Law: Estimate,RL.EST,-1.059304
Nicaragua,NIC,Voice and Accountability: Estimate,VA.EST,-1.082794
Niger,NER,Control of Corruption: Estimate,CC.EST,-0.5796463
Niger,NER,Government Effectiveness: Estimate,GE.EST,-0.7660425
Niger,NER,Political Stability and Absence of Violence/Terrorism: Estimate,PV.EST,-1.354283
Niger,NER,Regulatory Quality: Estimate,RQ.EST,-0.6391519
Niger,NER,Rule of Law: Estimate,RL.EST,-0.5802386
Niger,NER,Voice and Accountability: Estimate,VA.EST,-0.582216
Nigeria,NGA,Control of Corruption: Estimate,CC.EST,-1.046155
Nigeria,NGA,Government Effectiveness: Estimate,GE.EST,-1.022591
Nigeria,NGA,Political Stability and Absence of Violence/Terrorism: Estimate,PV.EST,-2.090506
Nigeria,NGA,Regulatory Quality: Estimate,RQ.EST,-0.8030536
Nigeria,NGA,Rule of Law: Estimate,RL.EST,-0.8808043
Nigeria,NGA,Voice and Accountability: Estimate,VA.EST,-0.4080985
Niue,NIU,Control of Corruption: Estimate,CC.EST,..
Niue,NIU,Government Effectiveness: Estimate,GE.EST,..
Niue,NIU,Political Stability and Absence of Violence/Terrorism: Estimate,PV.EST,..
Niue,NIU,Regulatory Quality: Estimate,RQ.EST,..
Niue,NIU,Rule of Law: Estimate,RL.EST,..
Niue,NIU,Voice and Accountability: Estimate,VA.EST,..
North Macedonia,MKD,Control of Corruption: Estimate,CC.EST,-0.3648497
North Macedonia,MKD,Government Effectiveness: Estimate,GE.EST,0.0902431
North Macedonia,MKD,Political Stability and Absence of Violence/Terrorism: Estimate,PV.EST,-0.2000881
North Macedonia,MKD,Regulatory Quality: Estimate,RQ.EST,0.5263917
North Macedonia,MKD,Rule of Law: Estimate,RL.EST,-0.2839102
North Macedonia,MKD,Voice and Accountability: Estimate,VA.EST,-0.0079298
Norway,NOR,Control of Corruption: Estimate,CC.EST,2.090204
Norway,NOR,Government Effectiveness: Estimate,GE.EST,1.887119
Norway,NOR,Political Stability and Absence of Violence/Terrorism: Estimate,PV.EST,1.147911
Norway,NOR,Regulatory Quality: Estimate,RQ.EST,1.791627
Norway,NOR,Rule of Law: Estimate,RL.EST,1.964528
Norway,NOR,Voice and Accountability: Estimate,VA.EST,1.733584
Oman,OMN,Control of Corruption: Estimate,CC.EST,0.2461315
Oman,OMN,Government Effectiveness: Estimate,GE.EST,0.1865782
Oman,OMN,Political Stability and Absence of Violence/Terrorism: Estimate,PV.EST,0.6551499
Oman,OMN,Regulatory Quality: Estimate,RQ.EST,0.1733039
Oman,OMN,Rule of Law: Estimate,RL.EST,0.464404
Oman,OMN,Voice and Accountability: Estimate,VA.EST,-1.025849
Pakistan,PAK,Control of Corruption: Estimate,CC.EST,-0.7908247
Pakistan,PAK,Government Effectiveness: Estimate,GE.EST,-0.6338443
Pakistan,PAK,Political Stability and Absence of Violence/Terrorism: Estimate,PV.EST,-2.257847
Pakistan,PAK,Regulatory Quality: Estimate,RQ.EST,-0.6366072
Pakistan,PAK,Rule of Law: Estimate,RL.EST,-0.6729922
Pakistan,PAK,Voice and Accountability: Estimate,VA.EST,-0.7991108
Palau,PLW,Control of Corruption: Estimate,CC.EST,-0.5539683
Palau,PLW,Government Effectiveness: Estimate,GE.EST,-0.0121242
Palau,PLW,Political Stability and Absence of Violence/Terrorism: Estimate,PV.EST,0.8569517
Palau,PLW,Regulatory Quality: Estimate,RQ.EST,-0.057319
Palau,PLW,Rule of Law: Estimate,RL.EST,0.3061706
Palau,PLW,Voice and Accountability: Estimate,VA.EST,1.146119
Panama,PAN,Control of Corruption: Estimate,CC.EST,-0.5544491
Panama,PAN,Government Effectiveness: Estimate,GE.EST,-0.019452
Panama,PAN,Political Stability and Absence of Violence/Terrorism: Estimate,PV.EST,0.2688772
Panama,PAN,Regulatory Quality: Estimate,RQ.EST,0.3613167
Panama,PAN,Rule of Law: Estimate,RL.EST,-0.0924071
Panama,PAN,Voice and Accountability: Estimate,VA.EST,0.5728099
Papua New Guinea,PNG,Control of Corruption: Estimate,CC.EST,-0.876112
Papua New Guinea,PNG,Government Effectiveness: Estimate,GE.EST,-0.6773402
Papua New Guinea,PNG,Political Stability and Absence of Violence/Terrorism: Estimate,PV.EST,-0.6976428
Papua New Guinea,PNG,Regulatory Quality: Estimate,RQ.EST,-0.5324419
Papua New Guinea,PNG,Rule of Law: Estimate,RL.EST,-0.765781
Papua New Guinea,PNG,Voice and Accountability: Estimate,VA.EST,0.0447474
Paraguay,PRY,Control of Corruption: Estimate,CC.EST,-0.8388299
Paraguay,PRY,Government Effectiveness: Estimate,GE.EST,-0.5172144
Paraguay,PRY,Political Stability and Absence of Violence/Terrorism: Estimate,PV.EST,-0.0713127
Paraguay,PRY,Regulatory Quality: Estimate,RQ.EST,-0.0752819
Paraguay,PRY,Rule of Law: Estimate,RL.EST,-0.523654
Paraguay,PRY,Voice and Accountability: Estimate,VA.EST,0.0554064
Peru,PER,Control of Corruption: Estimate,CC.EST,-0.5318839
Peru,PER,Government Effectiveness: Estimate,GE.EST,-0.2454309
Peru,PER,Political Stability and Absence of Violence/Terrorism: Estimate,PV.EST,-0.2617153
Peru,PER,Regulatory Quality: Estimate,RQ.EST,0.4983543
Peru,PER,Rule of Law: Estimate,RL.EST,-0.5298474
Peru,PER,Voice and Accountability: Estimate,VA.EST,0.2292641
Philippines,PHL,Control of Corruption: Estimate,CC.EST,-0.5448732
Philippines,PHL,Government Effectiveness: Estimate,GE.EST,0.0495094
Philippines,PHL,Political Stability and Absence of Violence/Terrorism: Estimate,PV.EST,-1.082172
Philippines,PHL,Regulatory Quality: Estimate,RQ.EST,-0.0565737
Philippines,PHL,Rule of Law: Estimate,RL.EST,-0.4777236
Philippines,PHL,Voice and Accountability: Estimate,VA.EST,0.0393487
Poland,POL,Control of Corruption: Estimate,CC.EST,0.6415238
Poland,POL,Government Effectiveness: Estimate,GE.EST,0.6626508
Poland,POL,Political Stability and Absence of Violence/Terrorism: Estimate,PV.EST,0.5001909
Poland,POL,Regulatory Quality: Estimate,RQ.EST,0.8846338
Poland,POL,Rule of Law: Estimate,RL.EST,0.4274491
Poland,POL,Voice and Accountability: Estimate,VA.EST,0.7249803
Portugal,PRT,Control of Corruption: Estimate,CC.EST,0.8499604
Portugal,PRT,Government Effectiveness: Estimate,GE.EST,1.208909
Portugal,PRT,Political Stability and Absence of Violence/Terrorism: Estimate,PV.EST,1.136034
Portugal,PRT,Regulatory Quality: Estimate,RQ.EST,0.8854163
Portugal,PRT,Rule of Law: Estimate,RL.EST,1.140163
Portugal,PRT,Voice and Accountability: Estimate,VA.EST,1.205792
Puerto Rico,PRI,Control of Corruption: Estimate,CC.EST,0.0401916
Puerto Rico,PRI,Government Effectiveness: Estimate,GE.EST,-0.156924
Puerto Rico,PRI,Political Stability and Absence of Violence/Terrorism: Estimate,PV.EST,0.2857295
Puerto Rico,PRI,Regulatory Quality: Estimate,RQ.EST,0.9463025
Puerto Rico,PRI,Rule of Law: Estimate,RL.EST,0.5863347
Puerto Rico,PRI,Voice and Accountability: Estimate,VA.EST,0.4921223
Qatar,QAT,Control of Corruption: Estimate,CC.EST,0.7250077
Qatar,QAT,Government Effectiveness: Estimate,GE.EST,0.6312364
Qatar,QAT,Political Stability and Absence of Violence/Terrorism: Estimate,PV.EST,0.6709782
Qatar,QAT,Regulatory Quality: Estimate,RQ.EST,0.5987648
Qatar,QAT,Rule of Law: Estimate,RL.EST,0.7340993
Qatar,QAT,Voice and Accountability: Estimate,VA.EST,-1.193307
Reunion,REU,Control of Corruption: Estimate,CC.EST,0.6317958
Reunion,REU,Government Effectiveness: Estimate,GE.EST,1.108839
Reunion,REU,Political Stability and Absence of Violence/Terrorism: Estimate,PV.EST,0.2676556
Reunion,REU,Regulatory Quality: Estimate,RQ.EST,1.193829
Reunion,REU,Rule of Law: Estimate,RL.EST,1.119449
Reunion,REU,Voice and Accountability: Estimate,VA.EST,..
Romania,ROU,Control of Corruption: Estimate,CC.EST,-0.1216513
Romania,ROU,Government Effectiveness: Estimate,GE.EST,-0.2534418
Romania,ROU,Political Stability and Absence of Violence/Terrorism: Estimate,PV.EST,0.0551642
Romania,ROU,Regulatory Quality: Estimate,RQ.EST,0.4262204
Romania,ROU,Rule of Law: Estimate,RL.EST,0.325064
Romania,ROU,Voice and Accountability: Estimate,VA.EST,0.4589954
Russian Federation,RUS,Control of Corruption: Estimate,CC.EST,-0.8452116
Russian Federation,RUS,Government Effectiveness: Estimate,GE.EST,-0.0608858
Russian Federation,RUS,Political Stability and Absence of Violence/Terrorism: Estimate,PV.EST,-0.5320781
Russian Federation,RUS,Regulatory Quality: Estimate,RQ.EST,-0.5463259
Russian Federation,RUS,Rule of Law: Estimate,RL.EST,-0.8152295
Russian Federation,RUS,Voice and Accountability: Estimate,VA.EST,-1.05632
Rwanda,RWA,Control of Corruption: Estimate,CC.EST,0.5783511
Rwanda,RWA,Government Effectiveness: Estimate,GE.EST,0.2068089
Rwanda,RWA,Political Stability and Absence of Violence/Terrorism: Estimate,PV.EST,0.1185909
Rwanda,RWA,Regulatory Quality: Estimate,RQ.EST,0.0864492
Rwanda,RWA,Rule of Law: Estimate,RL.EST,0.1178017
Rwanda,RWA,Voice and Accountability: Estimate,VA.EST,-1.127887
Samoa,WSM,Control of Corruption: Estimate,CC.EST,0.642488
Samoa,WSM,Government Effectiveness: Estimate,GE.EST,0.5907587
Samoa,WSM,Political Stability and Absence of Violence/Terrorism: Estimate,PV.EST,1.183689
Samoa,WSM,Regulatory Quality: Estimate,RQ.EST,-0.109795
Samoa,WSM,Rule of Law: Estimate,RL.EST,0.8233232
Samoa,WSM,Voice and Accountability: Estimate,VA.EST,0.7640449
San Marino,SMR,Control of Corruption: Estimate,CC.EST,..
San Marino,SMR,Government Effectiveness: Estimate,GE.EST,..
San Marino,SMR,Political Stability and Absence of Violence/Terrorism: Estimate,PV.EST,0.8569517
San Marino,SMR,Regulatory Quality: Estimate,RQ.EST,..
San Marino,SMR,Rule of Law: Estimate,RL.EST,..
San Marino,SMR,Voice and Accountability: Estimate,VA.EST,1.146119
Sao Tome and Principe,STP,Control of Corruption: Estimate,CC.EST,0.1836774
Sao Tome and Principe,STP,Government Effectiveness: Estimate,GE.EST,-0.6393903
Sao Tome and Principe,STP,Political Stability and Absence of Violence/Terrorism: Estimate,PV.EST,0.5299922
Sao Tome and Principe,STP,Regulatory Quality: Estimate,RQ.EST,-0.8400686
Sao Tome and Principe,STP,Rule of Law: Estimate,RL.EST,-0.6863323
Sao Tome and Principe,STP,Voice and Accountability: Estimate,VA.EST,0.1590701
Saudi Arabia,SAU,Control of Corruption: Estimate,CC.EST,0.3597602
Saudi Arabia,SAU,Government Effectiveness: Estimate,GE.EST,0.3234982
Saudi Arabia,SAU,Political Stability and Absence of Violence/Terrorism: Estimate,PV.EST,-0.5525482
Saudi Arabia,SAU,Regulatory Quality: Estimate,RQ.EST,-0.0757623
Saudi Arabia,SAU,Rule of Law: Estimate,RL.EST,0.1414093
Saudi Arabia,SAU,Voice and Accountability: Estimate,VA.EST,-1.642282
Senegal,SEN,Control of Corruption: Estimate,CC.EST,-0.0249317
Senegal,SEN,Government Effectiveness: Estimate,GE.EST,-0.2678156
Senegal,SEN,Political Stability and Absence of Violence/Terrorism: Estimate,PV.EST,-0.0929849
Senegal,SEN,Regulatory Quality: Estimate,RQ.EST,-0.1072984
Senegal,SEN,Rule of Law: Estimate,RL.EST,-0.2082493
Senegal,SEN,Voice and Accountability: Estimate,VA.EST,0.2403084
Serbia,SRB,Control of Corruption: Estimate,CC.EST,-0.3702491
Serbia,SRB,Government Effectiveness: Estimate,GE.EST,0.1116198
Serbia,SRB,Political Stability and Absence of Violence/Terrorism: Estimate,PV.EST,0.0172842
Serbia,SRB,Regulatory Quality: Estimate,RQ.EST,0.1131436
Serbia,SRB,Rule of Law: Estimate,RL.EST,-0.1466
Serbia,SRB,Voice and Accountability: Estimate,VA.EST,0.003124
Seychelles,SYC,Control of Corruption: Estimate,CC.EST,0.7027964
Seychelles,SYC,Government Effectiveness: Estimate,GE.EST,0.502284
Seychelles,SYC,Political Stability and Absence of Violence/Terrorism: Estimate,PV.EST,0.6949317
Seychelles,SYC,Regulatory Quality: Estimate,RQ.EST,-0.1572428
Seychelles,SYC,Rule of Law: Estimate,RL.EST,0.1997179
Seychelles,SYC,Voice and Accountability: Estimate,VA.EST,0.2124024
Sierra Leone,SLE,Control of Corruption: Estimate,CC.EST,-0.4923064
Sierra Leone,SLE,Government Effectiveness: Estimate,GE.EST,-1.142948
Sierra Leone,SLE,Political Stability and Absence of Violence/Terrorism: Estimate,PV.EST,-0.0768317
Sierra Leone,SLE,Regulatory Quality: Estimate,RQ.EST,-0.8867556
Sierra Leone,SLE,Rule of Law: Estimate,RL.EST,-0.7694784
Sierra Leone,SLE,Voice and Accountability: Estimate,VA.EST,-0.1646086
Singapore,SGP,Control of Corruption: Estimate,CC.EST,2.174833
Singapore,SGP,Government Effectiveness: Estimate,GE.EST,2.231474
Singapore,SGP,Political Stability and Absence of Violence/Terrorism: Estimate,PV.EST,1.494179
Singapore,SGP,Regulatory Quality: Estimate,RQ.EST,2.127243
Singapore,SGP,Rule of Law: Estimate,RL.EST,1.843841
Singapore,SGP,Voice and Accountability: Estimate,VA.EST,-0.0589202
Slovak Republic,SVK,Control of Corruption: Estimate,CC.EST,0.3629843
Slovak Republic,SVK,Government Effectiveness: Estimate,GE.EST,0.7074615
Slovak Republic,SVK,Political Stability and Absence of Violence/Terrorism: Estimate,PV.EST,0.7507381
Slovak Republic,SVK,Regulatory Quality: Estimate,RQ.EST,0.8087103
Slovak Republic,SVK,Rule of Law: Estimate,RL.EST,0.5285723
Slovak Republic,SVK,Voice and Accountability: Estimate,VA.EST,0.8794385
Slovenia,SVN,Control of Corruption: Estimate,CC.EST,0.8703502
Slovenia,SVN,Government Effectiveness: Estimate,GE.EST,1.125806
Slovenia,SVN,Political Stability and Absence of Violence/Terrorism: Estimate,PV.EST,0.9082088
Slovenia,SVN,Regulatory Quality: Estimate,RQ.EST,0.6541173
Slovenia,SVN,Rule of Law: Estimate,RL.EST,1.057792
Slovenia,SVN,Voice and Accountability: Estimate,VA.EST,0.9921399
Solomon Islands,SLB,Control of Corruption: Estimate,CC.EST,-0.0049313
Solomon Islands,SLB,Government Effectiveness: Estimate,GE.EST,-1.054241
Solomon Islands,SLB,Political Stability and Absence of Violence/Terrorism: Estimate,PV.EST,0.2949863
Solomon Islands,SLB,Regulatory Quality: Estimate,RQ.EST,-0.8331735
Solomon Islands,SLB,Rule of Law: Estimate,RL.EST,-0.2280565
Solomon Islands,SLB,Voice and Accountability: Estimate,VA.EST,0.5344892
Somalia,SOM,Control of Corruption: Estimate,CC.EST,-1.800312
Somalia,SOM,Government Effectiveness: Estimate,GE.EST,-2.19103
Somalia,SOM,Political Stability and Absence of Violence/Terrorism: Estimate,PV.EST,-2.248764
Somalia,SOM,Regulatory Quality: Estimate,RQ.EST,-2.251584
Somalia,SOM,Rule of Law: Estimate,RL.EST,-2.332044
Somalia,SOM,Voice and Accountability: Estimate,VA.EST,-1.836656
South Africa,ZAF,Control of Corruption: Estimate,CC.EST,-0.0230474
South Africa,ZAF,Government Effectiveness: Estimate,GE.EST,0.3403786
South Africa,ZAF,Political Stability and Absence of Violence/Terrorism: Estimate,PV.EST,-0.2191116
South Africa,ZAF,Regulatory Quality: Estimate,RQ.EST,0.1297619
South Africa,ZAF,Rule of Law: Estimate,RL.EST,-0.1027109
South Africa,ZAF,Voice and Accountability: Estimate,VA.EST,0.6589735
South Sudan,SSD,Control of Corruption: Estimate,CC.EST,-1.728171
South Sudan,SSD,Government Effectiveness: Estimate,GE.EST,-2.449409
South Sudan,SSD,Political Stability and Absence of Violence/Terrorism: Estimate,PV.EST,-2.431055
South Sudan,SSD,Regulatory Quality: Estimate,RQ.EST,-2.045286
South Sudan,SSD,Rule of Law: Estimate,RL.EST,-1.957827
South Sudan,SSD,Voice and Accountability: Estimate,VA.EST,-1.97818
Spain,ESP,Control of Corruption: Estimate,CC.EST,0.6136052
Spain,ESP,Government Effectiveness: Estimate,GE.EST,1.002136
Spain,ESP,Political Stability and Absence of Violence/Terrorism: Estimate,PV.EST,0.2957428
Spain,ESP,Regulatory Quality: Estimate,RQ.EST,0.9491062
Spain,ESP,Rule of Law: Estimate,RL.EST,0.9682627
Spain,ESP,Voice and Accountability: Estimate,VA.EST,1.06546
Sri Lanka,LKA,Control of Corruption: Estimate,CC.EST,-0.3355731
Sri Lanka,LKA,Government Effectiveness: Estimate,GE.EST,-0.2353793
Sri Lanka,LKA,Political Stability and Absence of Violence/Terrorism: Estimate,PV.EST,-0.1367198
Sri Lanka,LKA,Regulatory Quality: Estimate,RQ.EST,-0.1744439
Sri Lanka,LKA,Rule of Law: Estimate,RL.EST,0.0260529
Sri Lanka,LKA,Voice and Accountability: Estimate,VA.EST,0.0100555
St. Kitts and Nevis,KNA,Control of Corruption: Estimate,CC.EST,0.4526668
St. Kitts and Nevis,KNA,Government Effectiveness: Estimate,GE.EST,0.5514148
St. Kitts and Nevis,KNA,Political Stability and Absence of Violence/Terrorism: Estimate,PV.EST,0.7035999
St. Kitts and Nevis,KNA,Regulatory Quality: Estimate,RQ.EST,0.5113763
St. Kitts and Nevis,KNA,Rule of Law: Estimate,RL.EST,0.559788
St. Kitts and Nevis,KNA,Voice and Accountability: Estimate,VA.EST,0.8850979
St. Lucia,LCA,Control of Corruption: Estimate,CC.EST,0.5362905
St. Lucia,LCA,Government Effectiveness: Estimate,GE.EST,0.1956703
St. Lucia,LCA,Political Stability and Absence of Violence/Terrorism: Estimate,PV.EST,1.013817
St. Lucia,LCA,Regulatory Quality: Estimate,RQ.EST,0.2874379
St. Lucia,LCA,Rule of Law: Estimate,RL.EST,0.6054458
St. Lucia,LCA,Voice and Accountability: Estimate,VA.EST,0.8726214
St. Vincent and the Grenadines,VCT,Control of Corruption: Estimate,CC.EST,0.7689446
St. Vincent and the Grenadines,VCT,Government Effectiveness: Estimate,GE.EST,0.1956703
St. Vincent and the Grenadines,VCT,Political Stability and Absence of Violence/Terrorism: Estimate,PV.EST,0.8480138
St. Vincent and the Grenadines,VCT,Regulatory Quality: Estimate,RQ.EST,0.2575915
St. Vincent and the Grenadines,VCT,Rule of Law: Estimate,RL.EST,0.4289545
St. Vincent and the Grenadines,VCT,Voice and Accountability: Estimate,VA.EST,0.8766212
Sudan,SDN,Control of Corruption: Estimate,CC.EST,-1.426554
Sudan,SDN,Government Effectiveness: Estimate,GE.EST,-1.619857
Sudan,SDN,Political Stability and Absence of Violence/Terrorism: Estimate,PV.EST,-1.812513
Sudan,SDN,Regulatory Quality: Estimate,RQ.EST,-1.620749
Sudan,SDN,Rule of Law: Estimate,RL.EST,-1.119575
Sudan,SDN,Voice and Accountability: Estimate,VA.EST,-1.83787
Suriname,SUR,Control of Corruption: Estimate,CC.EST,-0.2114974
Suriname,SUR,Government Effectiveness: Estimate,GE.EST,-0.6553037
Suriname,SUR,Political Stability and Absence of Violence/Terrorism: Estimate,PV.EST,0.0733391
Suriname,SUR,Regulatory Quality: Estimate,RQ.EST,-0.6514152
Suriname,SUR,Rule of Law: Estimate,RL.EST,-0.0642001
Suriname,SUR,Voice and Accountability: Estimate,VA.EST,0.3160128
Sweden,SWE,Control of Corruption: Estimate,CC.EST,2.139882
Sweden,SWE,Government Effectiveness: Estimate,GE.EST,1.830975
Sweden,SWE,Political Stability and Absence of Violence/Terrorism: Estimate,PV.EST,0.9475726
Sweden,SWE,Regulatory Quality: Estimate,RQ.EST,1.833346
Sweden,SWE,Rule of Law: Estimate,RL.EST,1.89491
Sweden,SWE,Voice and Accountability: Estimate,VA.EST,1.612144
Switzerland,CHE,Control of Corruption: Estimate,CC.EST,2.009996
Switzerland,CHE,Government Effectiveness: Estimate,GE.EST,2.039621
Switzerland,CHE,Political Stability and Absence of Violence/Terrorism: Estimate,PV.EST,1.340014
Switzerland,CHE,Regulatory Quality: Estimate,RQ.EST,1.799362
Switzerland,CHE,Rule of Law: Estimate,RL.EST,1.930135
Switzerland,CHE,Voice and Accountability: Estimate,VA.EST,1.616491
Syrian Arab Republic,SYR,Control of Corruption: Estimate,CC.EST,-1.627016
Syrian Arab Republic,SYR,Government Effectiveness: Estimate,GE.EST,-1.671169
Syrian Arab Republic,SYR,Political Stability and Absence of Violence/Terrorism: Estimate,PV.EST,-2.731462
Syrian Arab Republic,SYR,Regulatory Quality: Estimate,RQ.EST,-1.738145
Syrian Arab Republic,SYR,Rule of Law: Estimate,RL.EST,-2.047248
Syrian Arab Republic,SYR,Voice and Accountability: Estimate,VA.EST,-1.958126
"Taiwan, China",TWN,Control of Corruption: Estimate,CC.EST,1.027812
"Taiwan, China",TWN,Government Effectiveness: Estimate,GE.EST,1.362331
"Taiwan, China",TWN,Political Stability and Absence of Violence/Terrorism: Estimate,PV.EST,0.8534263
"Taiwan, China",TWN,Regulatory Quality: Estimate,RQ.EST,1.382462
"Taiwan, China",TWN,Rule of Law: Estimate,RL.EST,1.111544
"Taiwan, China",TWN,Voice and Accountability: Estimate,VA.EST,0.977587
Tajikistan,TJK,Control of Corruption: Estimate,CC.EST,-1.415277
Tajikistan,TJK,Government Effectiveness: Estimate,GE.EST,-1.097704
Tajikistan,TJK,Political Stability and Absence of Violence/Terrorism: Estimate,PV.EST,-0.738063
Tajikistan,TJK,Regulatory Quality: Estimate,RQ.EST,-1.047201
Tajikistan,TJK,Rule of Law: Estimate,RL.EST,-1.282325
Tajikistan,TJK,Voice and Accountability: Estimate,VA.EST,-1.687346
Tanzania,TZA,Control of Corruption: Estimate,CC.EST,-0.4464366
Tanzania,TZA,Government Effectiveness: Estimate,GE.EST,-0.7562658
Tanzania,TZA,Political Stability and Absence of Violence/Terrorism: Estimate,PV.EST,-0.5617821
Tanzania,TZA,Regulatory Quality: Estimate,RQ.EST,-0.622853
Tanzania,TZA,Rule of Law: Estimate,RL.EST,-0.555015
Tanzania,TZA,Voice and Accountability: Estimate,VA.EST,-0.3637559
Thailand,THA,Control of Corruption: Estimate,CC.EST,-0.3988422
Thailand,THA,Government Effectiveness: Estimate,GE.EST,0.3499596
Thailand,THA,Political Stability and Absence of Violence/Terrorism: Estimate,PV.EST,-0.7901956
Thailand,THA,Regulatory Quality: Estimate,RQ.EST,0.1005475
Thailand,THA,Rule of Law: Estimate,RL.EST,0.0230287
Thailand,THA,Voice and Accountability: Estimate,VA.EST,-1.003881
Timor-Leste,TLS,Control of Corruption: Estimate,CC.EST,-0.4736333
Timor-Leste,TLS,Government Effectiveness: Estimate,GE.EST,-0.9826074
Timor-Leste,TLS,Political Stability and Absence of Violence/Terrorism: Estimate,PV.EST,0.242104
Timor-Leste,TLS,Regulatory Quality: Estimate,RQ.EST,-0.7867804
Timor-Leste,TLS,Rule of Law: Estimate,RL.EST,-1.127678
Timor-Leste,TLS,Voice and Accountability: Estimate,VA.EST,0.3413002
Togo,TGO,Control of Corruption: Estimate,CC.EST,-0.7301584
Togo,TGO,Government Effectiveness: Estimate,GE.EST,-1.057791
Togo,TGO,Political Stability and Absence of Violence/Terrorism: Estimate,PV.EST,-0.884303
Togo,TGO,Regulatory Quality: Estimate,RQ.EST,-0.6515545
Togo,TGO,Rule of Law: Estimate,RL.EST,-0.5908771
Togo,TGO,Voice and Accountability: Estimate,VA.EST,-0.743248
Tonga,TON,Control of Corruption: Estimate,CC.EST,-0.0708892
Tonga,TON,Government Effectiveness: Estimate,GE.EST,0.1393548
Tonga,TON,Political Stability and Absence of Violence/Terrorism: Estimate,PV.EST,0.8753972
Tonga,TON,Regulatory Quality: Estimate,RQ.EST,-0.3462582
Tonga,TON,Rule of Law: Estimate,RL.EST,0.3869883
Tonga,TON,Voice and Accountability: Estimate,VA.EST,0.5629924
Trinidad and Tobago,TTO,Control of Corruption: Estimate,CC.EST,-0.3172942
Trinidad and Tobago,TTO,Government Effectiveness: Estimate,GE.EST,0.1902379
Trinidad and Tobago,TTO,Political Stability and Absence of Violence/Terrorism: Estimate,PV.EST,0.245691
Trinidad and Tobago,TTO,Regulatory Quality: Estimate,RQ.EST,-0.1039465
Trinidad and Tobago,TTO,Rule of Law: Estimate,RL.EST,-0.1207149
Trinidad and Tobago,TTO,Voice and Accountability: Estimate,VA.EST,0.5668028
Tunisia,TUN,Control of Corruption: Estimate,CC.EST,-0.0536738
Tunisia,TUN,Government Effectiveness: Estimate,GE.EST,-0.1052618
Tunisia,TUN,Political Stability and Absence of Violence/Terrorism: Estimate,PV.EST,-0.8593076
Tunisia,TUN,Regulatory Quality: Estimate,RQ.EST,-0.5130697
Tunisia,TUN,Rule of Law: Estimate,RL.EST,0.0391134
Tunisia,TUN,Voice and Accountability: Estimate,VA.EST,0.2107755
Turkey,TUR,Control of Corruption: Estimate,CC.EST,-0.3354134
Turkey,TUR,Government Effectiveness: Estimate,GE.EST,0.0060968
Turkey,TUR,Political Stability and Absence of Violence/Terrorism: Estimate,PV.EST,-1.308683
Turkey,TUR,Regulatory Quality: Estimate,RQ.EST,0.0175277
Turkey,TUR,Rule of Law: Estimate,RL.EST,-0.3194206
Turkey,TUR,Voice and Accountability: Estimate,VA.EST,-0.8313113
Turkmenistan,TKM,Control of Corruption: Estimate,CC.EST,-1.357909
Turkmenistan,TKM,Government Effectiveness: Estimate,GE.EST,-1.044102
Turkmenistan,TKM,Political Stability and Absence of Violence/Terrorism: Estimate,PV.EST,-0.0044727
Turkmenistan,TKM,Regulatory Quality: Estimate,RQ.EST,-1.979135
Turkmenistan,TKM,Rule of Law: Estimate,RL.EST,-1.451999
Turkmenistan,TKM,Voice and Accountability: Estimate,VA.EST,-2.14338
Tuvalu,TUV,Control of Corruption: Estimate,CC.EST,0.0285993
Tuvalu,TUV,Government Effectiveness: Estimate,GE.EST,-0.6936518
Tuvalu,TUV,Political Stability and Absence of Violence/Terrorism: Estimate,PV.EST,1.423969
Tuvalu,TUV,Regulatory Quality: Estimate,RQ.EST,-0.5706397
Tuvalu,TUV,Rule of Law: Estimate,RL.EST,0.5293956
Tuvalu,TUV,Voice and Accountability: Estimate,VA.EST,1.146119
Uganda,UGA,Control of Corruption: Estimate,CC.EST,-1.038054
Uganda,UGA,Government Effectiveness: Estimate,GE.EST,-0.6060399
Uganda,UGA,Political Stability and Absence of Violence/Terrorism: Estimate,PV.EST,-0.6932233
Uganda,UGA,Regulatory Quality: Estimate,RQ.EST,-0.2512031
Uganda,UGA,Rule of Law: Estimate,RL.EST,-0.2948378
Uganda,UGA,Voice and Accountability: Estimate,VA.EST,-0.6650828
Ukraine,UKR,Control of Corruption: Estimate,CC.EST,-0.8737929
Ukraine,UKR,Government Effectiveness: Estimate,GE.EST,-0.4152199
Ukraine,UKR,Political Stability and Absence of Violence/Terrorism: Estimate,PV.EST,-1.858748
Ukraine,UKR,Regulatory Quality: Estimate,RQ.EST,-0.2965778
Ukraine,UKR,Rule of Law: Estimate,RL.EST,-0.7177447
Ukraine,UKR,Voice and Accountability: Estimate,VA.EST,-0.0124108
United Arab Emirates,ARE,Control of Corruption: Estimate,CC.EST,1.151779
United Arab Emirates,ARE,Government Effectiveness: Estimate,GE.EST,1.431291
United Arab Emirates,ARE,Political Stability and Absence of Violence/Terrorism: Estimate,PV.EST,0.7123252
United Arab Emirates,ARE,Regulatory Quality: Estimate,RQ.EST,0.9307647
United Arab Emirates,ARE,Rule of Law: Estimate,RL.EST,0.8058425
United Arab Emirates,ARE,Voice and Accountability: Estimate,VA.EST,-1.109071
United Kingdom,GBR,Control of Corruption: Estimate,CC.EST,1.826838
United Kingdom,GBR,Government Effectiveness: Estimate,GE.EST,1.341884
United Kingdom,GBR,Political Stability and Absence of Violence/Terrorism: Estimate,PV.EST,0.0421562
United Kingdom,GBR,Regulatory Quality: Estimate,RQ.EST,1.777938
United Kingdom,GBR,Rule of Law: Estimate,RL.EST,1.637675
United Kingdom,GBR,Voice and Accountability: Estimate,VA.EST,1.385117
United States,USA,Control of Corruption: Estimate,CC.EST,1.328681
United States,USA,Government Effectiveness: Estimate,GE.EST,1.576998
United States,USA,Political Stability and Absence of Violence/Terrorism: Estimate,PV.EST,0.4740649
United States,USA,Regulatory Quality: Estimate,RQ.EST,1.621254
United States,USA,Rule of Law: Estimate,RL.EST,1.513504
United States,USA,Voice and Accountability: Estimate,VA.EST,1.04504
Uruguay,URY,Control of Corruption: Estimate,CC.EST,1.259947
Uruguay,URY,Government Effectiveness: Estimate,GE.EST,0.5582148
Uruguay,URY,Political Stability and Absence of Violence/Terrorism: Estimate,PV.EST,1.041839
Uruguay,URY,Regulatory Quality: Estimate,RQ.EST,0.5127553
Uruguay,URY,Rule of Law: Estimate,RL.EST,0.5945194
Uruguay,URY,Voice and Accountability: Estimate,VA.EST,1.214225
Uzbekistan,UZB,Control of Corruption: Estimate,CC.EST,-1.068842
Uzbekistan,UZB,Government Effectiveness: Estimate,GE.EST,-0.5470828
Uzbekistan,UZB,Political Stability and Absence of Violence/Terrorism: Estimate,PV.EST,-0.2870433
Uzbekistan,UZB,Regulatory Quality: Estimate,RQ.EST,-1.084991
Uzbekistan,UZB,Rule of Law: Estimate,RL.EST,-1.07343
Uzbekistan,UZB,Voice and Accountability: Estimate,VA.EST,-1.615689
Vanuatu,VUT,Control of Corruption: Estimate,CC.EST,-0.1629488
Vanuatu,VUT,Government Effectiveness: Estimate,GE.EST,-0.4917117
Vanuatu,VUT,Political Stability and Absence of Violence/Terrorism: Estimate,PV.EST,0.8338754
Vanuatu,VUT,Regulatory Quality: Estimate,RQ.EST,-0.4632168
Vanuatu,VUT,Rule of Law: Estimate,RL.EST,0.335492
Vanuatu,VUT,Voice and Accountability: Estimate,VA.EST,0.5368715
"Venezuela, RB",VEN,Control of Corruption: Estimate,CC.EST,-1.470778
"Venezuela, RB",VEN,Government Effectiveness: Estimate,GE.EST,-1.581517
"Venezuela, RB",VEN,Political Stability and Absence of Violence/Terrorism: Estimate,PV.EST,-1.31525
"Venezuela, RB",VEN,Regulatory Quality: Estimate,RQ.EST,-2.363919
"Venezuela, RB",VEN,Rule of Law: Estimate,RL.EST,-2.322118
"Venezuela, RB",VEN,Voice and Accountability: Estimate,VA.EST,-1.414613
Vietnam,VNM,Control of Corruption: Estimate,CC.EST,-0.4854065
Vietnam,VNM,Government Effectiveness: Estimate,GE.EST,-0.0034448
Vietnam,VNM,Political Stability and Absence of Violence/Terrorism: Estimate,PV.EST,0.1134106
Vietnam,VNM,Regulatory Quality: Estimate,RQ.EST,-0.347865
Vietnam,VNM,Rule of Law: Estimate,RL.EST,-0.00354
Vietnam,VNM,Voice and Accountability: Estimate,VA.EST,-1.443773
Virgin Islands (U.S.),VIR,Control of Corruption: Estimate,CC.EST,0.6317958
Virgin Islands (U.S.),VIR,Government Effectiveness: Estimate,GE.EST,0.8301269
Virgin Islands (U.S.),VIR,Political Stability and Absence of Violence/Terrorism: Estimate,PV.EST,0.9831379
Virgin Islands (U.S.),VIR,Regulatory Quality: Estimate,RQ.EST,0.8238806
Virgin Islands (U.S.),VIR,Rule of Law: Estimate,RL.EST,1.119449
Virgin Islands (U.S.),VIR,Voice and Accountability: Estimate,VA.EST,..
West Bank and Gaza,PSE,Control of Corruption: Estimate,CC.EST,-0.1954311
West Bank and Gaza,PSE,Government Effectiveness: Estimate,GE.EST,-0.7608902
West Bank and Gaza,PSE,Political Stability and Absence of Violence/Terrorism: Estimate,PV.EST,-1.805423
West Bank and Gaza,PSE,Regulatory Quality: Estimate,RQ.EST,0.0188407
West Bank and Gaza,PSE,Rule of Law: Estimate,RL.EST,-0.4837712
West Bank and Gaza,PSE,Voice and Accountability: Estimate,VA.EST,-0.9015158
"Yemen, Rep.",YEM,Control of Corruption: Estimate,CC.EST,-1.638176
"Yemen, Rep.",YEM,Government Effectiveness: Estimate,GE.EST,-2.244354
"Yemen, Rep.",YEM,Political Stability and Absence of Violence/Terrorism: Estimate,PV.EST,-2.993311
"Yemen, Rep.",YEM,Regulatory Quality: Estimate,RQ.EST,-1.586586
"Yemen, Rep.",YEM,Rule of Law: Estimate,RL.EST,-1.789885
"Yemen, Rep.",YEM,Voice and Accountability: Estimate,VA.EST,-1.748698
Zambia,ZMB,Control of Corruption: Estimate,CC.EST,-0.6562852
Zambia,ZMB,Government Effectiveness: Estimate,GE.EST,-0.5592093
Zambia,ZMB,Political Stability and Absence of Violence/Terrorism: Estimate,PV.EST,0.0938291
Zambia,ZMB,Regulatory Quality: Estimate,RQ.EST,-0.4842296
Zambia,ZMB,Rule of Law: Estimate,RL.EST,-0.3450496
Zambia,ZMB,Voice and Accountability: Estimate,VA.EST,-0.3190484
Zimbabwe,ZWE,Control of Corruption: Estimate,CC.EST,-1.234743
Zimbabwe,ZWE,Government Effectiveness: Estimate,GE.EST,-1.19886
Zimbabwe,ZWE,Political Stability and Absence of Violence/Terrorism: Estimate,PV.EST,-0.7134061
Zimbabwe,ZWE,Regulatory Quality: Estimate,RQ.EST,-1.503522
Zimbabwe,ZWE,Rule of Law: Estimate,RL.EST,-1.273343
Zimbabwe,ZWE,Voice and Accountability: Estimate,VA.EST,-1.123221
,,,,
,,,,
,,,,
Data from database: Worldwide Governance Indicators,,,,
Last Updated: 09/28/2020,,,,
